,Product Name,Brand,Ram,Storage,Battery,Screen_size,Rear_Camera,Front_Camera,Rating,Rating_Category,Rating_Count,Review_Count,Total_Engagements,Offer,Price,Price_Range
0,MOTOROLA G04,MOTOROLA,4,64 ,5000,6.6,16MP Rear Camera,5MP,4.2,Very Good,16753,1042,17795,30,6999,<10K
1,Motorola g04s,Motorola,4,64 ,5000,6.6,50MP Rear Camera,5MP,4.2,Very Good,29634,1640,31274,27,7299,<10K
2,Motorola g04s,Motorola,4,64 ,5000,6.6,50MP Rear Camera,5MP,4.2,Very Good,29634,1640,31274,27,7299,<10K
3,Motorola g04s,Motorola,4,64 ,5000,6.6,50MP Rear Camera,5MP,4.2,Very Good,29634,1640,31274,27,7299,<10K
4,POCO C61  - Locked,POCO,4,64 ,5000,6.71,8MP Rear Camera,5MP,4.1,Very Good,107774,4604,112378,16,7499,<10K
5,POCO C75 5G,POCO,4,64 ,5160,6.88,50MP Rear Camera,5MP,4.3,Very Good,70650,3673,74323,30,7699,<10K
6,POCO C75 5G,POCO,4,64 ,5160,6.88,50MP Rear Camera,5MP,4.3,Very Good,70650,3673,74323,30,7699,<10K
7,POCO C75 5G,POCO,4,64 ,5160,6.88,50MP Rear Camera,5MP,4.3,Very Good,70650,3673,74323,30,7699,<10K
8,Infinix Smart 8 Plus,Infinix,4,128 ,6000,6.6,50MP + AI Lens,8MP,4.3,Very Good,13303,805,14108,22,7799,<10K
9,MOTOROLA G04,MOTOROLA,8,128 ,5000,6.6,16MP Rear Camera,5MP,4.2,Very Good,7441,533,7974,27,7999,<10K
10,POCO C75 5G,POCO,4,128 ,5160,6.88,50MP Rear Camera,5MP,4.3,Very Good,70650,3673,74323,26,8499,<10K
11,Samsung Galaxy F06 5G,Samsung,4,64 ,5000,6.7,50MP + 2MP,8MP,4.1,Very Good,13952,1014,14966,32,8499,<10K
12,Samsung Galaxy F06 5G,Samsung,4,64 ,5000,6.7,50MP + 2MP,8MP,4.1,Very Good,13952,1014,14966,32,8499,<10K
13,POCO C75 5G,POCO,4,128 ,5160,6.88,50MP Rear Camera,5MP,4.3,Very Good,70650,3673,74323,26,8499,<10K
14,POCO C75 5G,POCO,4,128 ,5160,6.88,50MP Rear Camera,5MP,4.3,Very Good,70650,3673,74323,26,8499,<10K
15,POCO C65,POCO,4,128 ,5000,6.74,50MP + AI Lens + 2MP,8MP,4.3,Very Good,102117,5047,107164,22,8499,<10K
16,POCO C65,POCO,4,128 ,5000,6.74,50MP + AI Lens + 2MP,8MP,4.3,Very Good,102117,5047,107164,22,8499,<10K
17,Samsung Galaxy F06 5G,Samsung,4,64 ,5000,6.7,50MP + 2MP,8MP,4.1,Very Good,13952,1014,14966,32,8499,<10K
18,POCO C75 5G,POCO,4,128 ,5160,6.88,50MP Rear Camera,5MP,4.3,Very Good,70650,3673,74323,26,8499,<10K
19,POCO C61,POCO,6,128 ,5000,6.71,8MP Rear Camera,5MP,4.3,Very Good,10308,346,10654,15,8499,<10K
20,realme C61,realme,4,128 ,5000,6.745,32MP Rear Camera,5MP,4.4,Very Good,8684,303,8987,15,8499,<10K
21,POCO C75 5G,POCO,4,128 ,5160,6.88,50MP Rear Camera,5MP,4.3,Very Good,70650,3673,74323,26,8499,<10K
22,POCO M7 5G  - Locked,POCO,6,128 ,5160,6.88,50MP Rear Camera,8MP,4.1,Very Good,20876,1180,22056,32,8799,<10K
23,POCO M7 5G  - Locked,POCO,6,128 ,5160,6.88,50MP Rear Camera,8MP,4.1,Very Good,20876,1180,22056,32,8799,<10K
24,POCO M7 5G,POCO,6,128 ,5160,6.88,50MP Rear Camera,8MP,4.1,Very Good,20876,1180,22056,32,8799,<10K
25,REDMI 13C,REDMI,4,128 ,5000,6.74,50MP Rear Camera,8MP,4.3,Very Good,84604,3660,88264,25,8888,<10K
26,REDMI 13C,REDMI,4,128 ,5000,6.74,50MP Rear Camera,8MP,4.3,Very Good,84604,3660,88264,25,8999,<10K
27,realme C63,realme,4,128 ,5000,6.745,50MP Rear Camera,8MP,4.3,Very Good,11287,565,11852,18,8999,<10K
28,Infinix SMART 8,Infinix,8,128 ,5000,6.6,50MP + AI Lens,8MP,4.3,Very Good,11408,640,12048,18,8999,<10K
29,Samsung Galaxy A06 5G,Samsung,4,64 ,5000,6.7,50MP + 50MP,2MP + 2MP Dual,4.2,Very Good,338,47,385,33,9282,<10K
30,LAVA Blaze 5G,LAVA,6,128 ,5000,6.5,50MP + 2MP,8MP,4.0,Good,751,64,815,43,9299,<10K
31,POCO M7 5G,POCO,6,128 ,5160,6.88,50MP Rear Camera,8MP,4.1,Very Good,20876,1180,22056,26,9499,<10K
32,POCO C65,POCO,6,128 ,5000,6.74,50MP + AI Lens + 2MP,8MP,4.3,Very Good,30271,1452,31723,20,9499,<10K
33,Samsung Galaxy F06 5G,Samsung,4,128 ,5000,6.7,50MP + 2MP,8MP,4.1,Very Good,13952,1014,14966,32,9499,<10K
34,Samsung Galaxy F06 5G,Samsung,4,128 ,5000,6.7,50MP + 2MP,8MP,4.1,Very Good,13952,1014,14966,32,9499,<10K
35,POCO M7 5G,POCO,6,128 ,5160,6.88,50MP Rear Camera,8MP,4.1,Very Good,20876,1180,22056,26,9499,<10K
36,REDMI 14C 5G,REDMI,4,64 ,5160,6.88,50MP Rear Camera,8MP,4.2,Very Good,3475,212,3687,26,9499,<10K
37,POCO M7 5G,POCO,6,128 ,5160,6.88,50MP Rear Camera,8MP,4.1,Very Good,20876,1180,22056,26,9499,<10K
38,Samsung Galaxy F06 5G,Samsung,4,128 ,5000,6.7,50MP + 2MP,8MP,4.1,Very Good,13952,1014,14966,32,9499,<10K
39,Samsung Galaxy F06 5G,Samsung,4,128 ,5000,6.7,50MP + 2MP,8MP,4.1,Very Good,13952,1014,14966,32,9499,<10K
40,itel Color Pro 5G,itel,6,128 ,5000,6.6,50MP + 2MP,8MP,4.3,Very Good,173,17,190,28,9598,<10K
41,REDMI 14C 5G,REDMI,4,64 ,5160,6.88,50MP Rear Camera,8MP,4.2,Very Good,3475,212,3687,25,9689,<10K
42,REDMI 13C,REDMI,6,128 ,5000,6.74,50MP Rear Camera,8MP,4.2,Very Good,25235,1024,26259,24,9790,<10K
43,REDMI 14C 5G,REDMI,4,64 ,5160,6.88,50MP Rear Camera,8MP,4.2,Very Good,3475,212,3687,23,9980,<10K
44,REDMI 12,REDMI,6,128 ,5000,6.79,50MP + 8MP + 2MP,8MP,4.2,Very Good,74894,4403,79297,37,9999,<10K
45,Tecno Spark 30C 5G,Tecno,4,64 ,5000,6.67,48MP Rear Camera,8MP,4.2,Very Good,717,35,752,16,9999,<10K
46,Tecno Spark 30C 5G,Tecno,4,64 ,5000,6.67,48MP Rear Camera,8MP,4.2,Very Good,717,35,752,16,9999,<10K
47,MOTOROLA g35 5G,MOTOROLA,4,128 ,5000,6.72,50MP + 8MP,16MP,4.2,Very Good,55519,4288,59807,20,9999,<10K
48,MOTOROLA g35 5G,MOTOROLA,4,128 ,5000,6.72,50MP + 8MP,16MP,4.2,Very Good,55519,4288,59807,20,9999,<10K
49,MOTOROLA g35 5G,MOTOROLA,4,128 ,5000,6.72,50MP + 8MP,16MP,4.2,Very Good,55519,4288,59807,20,9999,<10K
50,Samsung Galaxy A06 5G,Samsung,4,128 ,5000,6.7,50MP + 50MP,2MP + 2MP Dual,4.2,Very Good,338,47,385,34,10076,10K-15K
51,POCO M6 Plus 5G,POCO,6,128 ,5030,6.79,108MP + 2MP,13MP,4.2,Very Good,51965,3198,55163,36,10080,10K-15K
52,POCO M6 Plus 5G,POCO,6,128 ,5030,6.79,108MP + 2MP,13MP,4.2,Very Good,51965,3198,55163,36,10080,10K-15K
53,POCO M6 Plus 5G,POCO,6,128 ,5030,6.79,108MP + 2MP,13MP,4.2,Very Good,51965,3198,55163,36,10080,10K-15K
54,POCO M6 Plus 5G,POCO,6,128 ,5030,6.79,108MP + 2MP,13MP,4.2,Very Good,51965,3198,55163,36,10080,10K-15K
55,REDMI 14C 5G,REDMI,4,128 ,5160,6.88,50MP Rear Camera,8MP,4.2,Very Good,3475,212,3687,27,10187,10K-15K
56,Tecno Spark 30C 5G,Tecno,4,128 ,5000,6.67,48MP Rear Camera,8MP,4.2,Very Good,717,35,752,19,10499,10K-15K
57,vivo Y19 5G,vivo,4,64 ,5500,6.74,13MP + 0.08MP,5MP,4.3,Very Good,725,34,759,25,10499,10K-15K
58,POCO M6 5G,POCO,4,128 ,5000,6.74,50MP Rear Camera,5MP,4.2,Very Good,149791,7434,157225,19,10499,10K-15K
59,POCO M7 5G,POCO,8,128 ,5160,6.88,50MP Rear Camera,8MP,4.2,Very Good,3903,249,4152,25,10499,10K-15K
60,Tecno Spark 30C 5G,Tecno,4,128 ,5000,6.67,48MP Rear Camera,8MP,4.2,Very Good,717,35,752,19,10499,10K-15K
61,REDMI 14C 5G,REDMI,4,128 ,5160,6.88,50MP Rear Camera,8MP,4.2,Very Good,3475,212,3687,25,10499,10K-15K
62,POCO M7 5G,POCO,8,128 ,5160,6.88,50MP Rear Camera,8MP,4.2,Very Good,3903,249,4152,25,10499,10K-15K
63,POCO M6 5G,POCO,4,128 ,5000,6.74,50MP Rear Camera,5MP,4.2,Very Good,149791,7434,157225,19,10499,10K-15K
64,REDMI 14C 5G,REDMI,4,128 ,5160,6.88,50MP Rear Camera,8MP,4.2,Very Good,3475,212,3687,25,10499,10K-15K
65,vivo Y19 5G,vivo,4,64 ,5500,6.74,13MP + 0.08MP,5MP,4.3,Very Good,725,34,759,25,10499,10K-15K
66,REDMI 14C 5G,REDMI,4,128 ,5160,6.88,50MP Rear Camera,8MP,4.2,Very Good,3475,212,3687,25,10499,10K-15K
67,POCO M7 5G,POCO,8,128 ,5160,6.88,50MP Rear Camera,8MP,4.2,Very Good,3903,249,4152,25,10499,10K-15K
68,POCO M7 5G,POCO,8,128 ,5160,6.88,50MP Rear Camera,8MP,4.2,Very Good,3903,249,4152,25,10499,10K-15K
69,REDMI 14C 5G,REDMI,4,128 ,5160,6.88,50MP Rear Camera,8MP,4.2,Very Good,3475,212,3687,23,10747,10K-15K
70,REDMI 14C 5G,REDMI,4,128 ,5160,6.88,50MP Rear Camera,8MP,4.2,Very Good,3475,212,3687,23,10747,10K-15K
71,REDMI 12 5G,REDMI,4,128 ,5000,6.79,50MP + 2MP,8MP,4.3,Very Good,12918,594,13512,31,10971,10K-15K
72,Samsung Galaxy F14 5G,Samsung,4,128 ,6000,6.6,50MP + 2MP,13MP,4.2,Very Good,48682,3102,51784,37,10990,10K-15K
73,Motorola g45 5G,Motorola,4,128 ,5000,6.5,50MP + 2MP,16MP,4.3,Very Good,45149,2836,47985,15,10999,10K-15K
74,Motorola G34 5G,Motorola,4,128 ,5000,6.5,50MP + 2MP,16MP,4.2,Very Good,49964,3620,53584,21,10999,10K-15K
75,Samsung Galaxy F06 5G,Samsung,6,128 ,5000,6.7,50MP + 2MP,8MP,4.1,Very Good,6107,468,6575,29,10999,10K-15K
76,Motorola g45 5G,Motorola,4,128 ,5000,6.5,50MP + 2MP,16MP,4.3,Very Good,45149,2836,47985,15,10999,10K-15K
77,realme C63 5G Charger in the Box,realme,6,128 ,5000,6.67,32MP Rear Camera,8MP,4.5,Very Good,21997,664,22661,21,10999,10K-15K
78,Samsung Galaxy F06 5G,Samsung,6,128 ,5000,6.7,50MP + 2MP,8MP,4.1,Very Good,6107,468,6575,29,10999,10K-15K
79,Motorola g45 5G,Motorola,4,128 ,5000,6.5,50MP + 2MP,16MP,4.3,Very Good,45149,2836,47985,15,10999,10K-15K
80,Motorola g45 5G,Motorola,4,128 ,5000,6.5,50MP + 2MP,16MP,4.3,Very Good,45149,2836,47985,15,10999,10K-15K
81,realme C63 5G Charger in the Box,realme,4,128 ,5000,6.67,32MP Rear Camera,8MP,4.4,Very Good,6540,263,6803,15,10999,10K-15K
82,realme C63 5G Charger in the Box,realme,4,128 ,5000,6.67,32MP Rear Camera,8MP,4.4,Very Good,6540,263,6803,15,10999,10K-15K
83,Motorola g45 5G,Motorola,4,128 ,5000,6.5,50MP + 2MP,16MP,4.3,Very Good,45149,2836,47985,15,10999,10K-15K
84,Samsung Galaxy F06 5G,Samsung,6,128 ,5000,6.7,50MP + 2MP,8MP,4.1,Very Good,6107,468,6575,29,10999,10K-15K
85,realme C63 5G Charger in the Box,realme,4,128 ,5000,6.67,32MP Rear Camera,8MP,4.4,Very Good,6540,263,6803,15,10999,10K-15K
86,realme C63 5G Charger in the Box,realme,4,128 ,5000,6.67,32MP Rear Camera,8MP,4.4,Very Good,6540,263,6803,15,10999,10K-15K
87,realme C63 5G Charger in the Box,realme,6,128 ,5000,6.67,32MP Rear Camera,8MP,4.5,Very Good,21997,664,22661,21,10999,10K-15K
88,realme C63 5G Charger in the Box,realme,6,128 ,5000,6.67,32MP Rear Camera,8MP,4.5,Very Good,21997,664,22661,21,10999,10K-15K
89,Motorola g45 5G,Motorola,4,128 ,5000,6.5,50MP + 2MP,16MP,4.3,Very Good,45149,2836,47985,15,10999,10K-15K
90,POCO M6 Pro 5G,POCO,4,64 ,5000,6.79,50MP + 2MP,8MP,4.3,Very Good,86414,5552,91966,26,10999,10K-15K
91,Motorola g45 5G,Motorola,4,128 ,5000,6.5,50MP + 2MP,16MP,4.3,Very Good,45149,2836,47985,15,10999,10K-15K
92,Motorola g45 5G,Motorola,4,128 ,5000,6.5,50MP + 2MP,16MP,4.3,Very Good,45149,2836,47985,15,10999,10K-15K
93,realme C63 5G Charger in the Box,realme,6,128 ,5000,6.67,32MP Rear Camera,8MP,4.5,Very Good,21997,664,22661,21,10999,10K-15K
94,Motorola G34 5G,Motorola,4,128 ,5000,6.5,50MP + 2MP,16MP,4.2,Very Good,49964,3620,53584,21,10999,10K-15K
95,Motorola G34 5G,Motorola,4,128 ,5000,6.5,50MP + 2MP,16MP,4.2,Very Good,49964,3620,53584,21,10999,10K-15K
96,REDMI 12 5G,REDMI,4,128 ,5000,6.79,50MP + 2MP,8MP,4.3,Very Good,12918,594,13512,30,11135,10K-15K
97,REDMI 14C 5G,REDMI,6,128 ,5160,6.88,50MP Rear Camera,8MP,4.2,Very Good,3355,209,3564,20,11197,10K-15K
98,REDMI 13C 5G,REDMI,6,128 ,5000,6.74,50MP Rear Camera,5MP,4.3,Very Good,40543,1735,42278,29,11299,10K-15K
99,REDMI 13C 5G,REDMI,6,128 ,5000,6.74,50MP Rear Camera,5MP,4.3,Very Good,40543,1735,42278,29,11299,10K-15K
100,REDMI 13C 5G,REDMI,6,128 ,5000,6.74,50MP Rear Camera,5MP,4.3,Very Good,40543,1735,42278,29,11299,10K-15K
101,REDMI 14C 5G,REDMI,6,128 ,5160,6.88,50MP Rear Camera,8MP,4.2,Very Good,3355,209,3564,24,11370,10K-15K
102,POCO M6 Plus 5G,POCO,8,128 ,5030,6.79,108MP + 2MP,13MP,4.2,Very Good,10528,685,11213,36,11499,10K-15K
103,vivo T3 Lite 5G,vivo,6,128 ,5000,6.56,50MP + 2MP,8MP,4.4,Very Good,101036,3548,104584,25,11499,10K-15K
104,vivo Y19 5G,vivo,4,128 ,5500,6.74,13MP + 0.08MP,5MP,4.3,Very Good,725,34,759,23,11499,10K-15K
105,realme C73 5G,realme,4,128 ,6000,6.67,32MP Rear Camera,8MP,4.2,Very Good,179,8,187,17,11499,10K-15K
106,POCO M6 5G,POCO,6,128 ,5000,6.74,50MP Rear Camera,5MP,4.3,Very Good,50628,2553,53181,17,11499,10K-15K
107,vivo Y19 5G,vivo,4,128 ,5500,6.74,13MP + 0.08MP,5MP,4.3,Very Good,725,34,759,23,11499,10K-15K
108,POCO M6 5G,POCO,6,128 ,5000,6.74,50MP Rear Camera,5MP,4.3,Very Good,50628,2553,53181,17,11499,10K-15K
109,vivo T3 Lite 5G,vivo,6,128 ,5000,6.56,50MP + 2MP,8MP,4.4,Very Good,101036,3548,104584,25,11499,10K-15K
110,vivo Y28e 5G Charger in the Box,vivo,4,128 ,5000,6.56,13MP + 0.08MP,5MP,4.2,Very Good,1204,38,1242,28,11499,10K-15K
111,Samsung Galaxy F16 5G,Samsung,4,128 ,5000,6.657,50MP + 5MP + 2MP,13MP,4.2,Very Good,1969,133,2102,28,11499,10K-15K
112,OPPO A3x 5G,OPPO,4,64 ,5100,6.67,8MP Rear Camera,5MP,4.2,Very Good,2979,137,3116,23,11499,10K-15K
113,Samsung Galaxy F16 5G,Samsung,4,128 ,5000,6.657,50MP + 5MP + 2MP,13MP,4.2,Very Good,1969,133,2102,28,11499,10K-15K
114,realme C73 5G,realme,4,128 ,6000,6.67,32MP Rear Camera,8MP,4.2,Very Good,179,8,187,17,11499,10K-15K
115,POCO M6 Plus 5G,POCO,8,128 ,5030,6.79,108MP + 2MP,13MP,4.2,Very Good,10528,685,11213,36,11499,10K-15K
116,REDMI 14C 5G,REDMI,6,128 ,5160,6.88,50MP Rear Camera,8MP,4.2,Very Good,3355,209,3564,23,11499,10K-15K
117,Samsung Galaxy F16 5G,Samsung,4,128 ,5000,6.657,50MP + 5MP + 2MP,13MP,4.2,Very Good,1969,133,2102,28,11499,10K-15K
118,OPPO A3x 5G,OPPO,4,64 ,5100,6.67,8MP Rear Camera,5MP,4.2,Very Good,2979,137,3116,23,11499,10K-15K
119,Samsung Galaxy F16 5G,Samsung,4,128 ,5000,6.657,50MP + 5MP + 2MP,13MP,4.2,Very Good,1969,133,2102,28,11499,10K-15K
120,Infinix Note 50x 5G+,Infinix,6,128 ,5500,6.67,50MP + AI Lens,8MP,4.3,Very Good,8662,919,9581,23,11499,10K-15K
121,REDMI 14C 5G,REDMI,6,128 ,5160,6.88,50MP Rear Camera,8MP,4.2,Very Good,3355,209,3564,23,11499,10K-15K
122,REDMI 14C 5G,REDMI,6,128 ,5160,6.88,50MP Rear Camera,8MP,4.2,Very Good,3355,209,3564,23,11499,10K-15K
123,Samsung Galaxy F16 5G,Samsung,4,128 ,5000,6.657,50MP + 5MP + 2MP,13MP,4.2,Very Good,1969,133,2102,28,11499,10K-15K
124,realme 12x 5G,realme,4,128 ,5000,6.72,50MP + 2MP,8MP,4.1,Very Good,14688,930,15618,29,11990,10K-15K
125,Samsung Galaxy F14 5G,Samsung,4,128 ,6000,6.6,50MP + 2MP,13MP,4.2,Very Good,48682,3102,51784,31,11990,10K-15K
126,Tecno Pova 6 Neo 5G,Tecno,6,128 ,5000,6.67,108MP Rear Camera,8MP,4.3,Very Good,1942,119,2061,25,11999,10K-15K
127,Tecno Pova 6 Neo 5G,Tecno,6,128 ,5000,6.67,108MP Rear Camera,8MP,4.3,Very Good,1942,119,2061,25,11999,10K-15K
128,Motorola g45 5G,Motorola,8,128 ,5000,6.5,50MP + 2MP,16MP,4.3,Very Good,178517,9433,187950,20,11999,10K-15K
129,Motorola g45 5G,Motorola,8,128 ,5000,6.5,50MP + 2MP,16MP,4.3,Very Good,178517,9433,187950,20,11999,10K-15K
130,Tecno Pova 6 Neo 5G,Tecno,6,128 ,5000,6.67,108MP Rear Camera,8MP,4.3,Very Good,1942,119,2061,25,11999,10K-15K
131,Tecno Pova 6 Neo 5G,Tecno,6,128 ,5000,6.67,108MP Rear Camera,8MP,4.3,Very Good,1942,119,2061,25,11999,10K-15K
132,Tecno Pova 6 Neo 5G,Tecno,6,128 ,5000,6.67,108MP Rear Camera,8MP,4.3,Very Good,1942,119,2061,25,11999,10K-15K
133,vivo T2x 5G,vivo,4,128 ,5000,6.58,50MP + 2MP,8MP,4.4,Very Good,188472,9382,197854,33,11999,10K-15K
134,Tecno Pova 6 Neo 5G,Tecno,6,128 ,5000,6.67,108MP Rear Camera,8MP,4.3,Very Good,1942,119,2061,25,11999,10K-15K
135,REDMI 12 5G,REDMI,4,128 ,5000,6.79,50MP + 2MP,8MP,4.3,Very Good,12918,594,13512,25,11999,10K-15K
136,Tecno Pova 6 Neo 5G,Tecno,6,128 ,5000,6.67,108MP Rear Camera,8MP,4.3,Very Good,1942,119,2061,25,11999,10K-15K
137,POCO M6 Pro 5G,POCO,4,128 ,5000,6.79,50MP + 2MP,8MP,4.3,Very Good,86414,5552,91966,25,11999,10K-15K
138,Motorola g45 5G,Motorola,8,128 ,5000,6.5,50MP + 2MP,16MP,4.3,Very Good,178517,9433,187950,20,11999,10K-15K
139,vivo T2x 5G,vivo,4,128 ,5000,6.58,50MP + 2MP,8MP,4.4,Very Good,188472,9382,197854,33,11999,10K-15K
140,Motorola g45 5G,Motorola,8,128 ,5000,6.5,50MP + 2MP,16MP,4.3,Very Good,178517,9433,187950,20,11999,10K-15K
141,Tecno Pova 6 Neo 5G,Tecno,6,128 ,5000,6.67,108MP Rear Camera,8MP,4.3,Very Good,1942,119,2061,25,11999,10K-15K
142,POCO M6 Pro 5G,POCO,4,128 ,5000,6.79,50MP + 2MP,8MP,4.3,Very Good,86414,5552,91966,25,11999,10K-15K
143,REDMI 12 5G,REDMI,6,128 ,5000,6.79,50MP + 2MP,8MP,4.3,Very Good,64513,3035,67548,32,12123,10K-15K
144,vivo T3x 5G,vivo,4,128 ,6000,6.72,50MP + 2MP,8MP,4.4,Very Good,56990,2293,59283,28,12499,10K-15K
145,REDMI 12 5G,REDMI,6,128 ,5000,6.79,50MP + 2MP,8MP,4.3,Very Good,64513,3035,67548,30,12499,10K-15K
146,REDMI 12 5G,REDMI,6,128 ,5000,6.79,50MP + 2MP,8MP,4.3,Very Good,64513,3035,67548,30,12499,10K-15K
147,REDMI 12 5G,REDMI,6,128 ,5000,6.79,50MP + 2MP,8MP,4.3,Very Good,64513,3035,67548,30,12499,10K-15K
148,realme 12x 5G,realme,6,128 ,5000,6.72,50MP + 2MP,8MP,4.4,Very Good,107137,4978,112115,30,12499,10K-15K
149,REDMI 12 5G,REDMI,6,128 ,5000,6.79,50MP + 2MP,8MP,4.3,Very Good,64513,3035,67548,30,12499,10K-15K
150,IQOO z9x,IQOO,6,128 ,6000,6.72,50MP + 2MP,8MP,4.4,Very Good,9534,486,10020,33,12675,10K-15K
151,IQOO z9x,IQOO,6,128 ,6000,6.72,50MP + 2MP,8MP,4.4,Very Good,9534,486,10020,33,12675,10K-15K
152,IQOO z9x,IQOO,6,128 ,6000,6.72,50MP + 2MP,8MP,4.4,Very Good,9534,486,10020,33,12698,10K-15K
153,REDMI Note 12 5G,REDMI,4,128 ,5000,6.67,48MP + 8MP + 2MP,13MP,3.9,Good,9420,760,10180,35,12990,10K-15K
154,vivo T2x 5G,vivo,6,128 ,5000,6.58,50MP + 2MP,8MP,4.4,Very Good,452757,23668,476425,31,12999,10K-15K
155,Samsung Galaxy F16 5G,Samsung,6,128 ,5000,6.657,50MP + 5MP + 2MP,13MP,4.2,Very Good,2972,224,3196,25,12999,10K-15K
156,vivo Y19 5G,vivo,6,128 ,5500,6.74,13MP + 0.08MP,5MP,4.5,Very Good,27,0,27,21,12999,10K-15K
157,realme C65 5G,realme,6,128 ,5000,6.67,50MP Rear Camera,8MP,4.3,Very Good,13715,569,14284,18,12999,10K-15K
158,realme C63 5G Charger in the Box,realme,8,128 ,5000,6.67,32MP Rear Camera,8MP,4.4,Very Good,3820,126,3946,13,12999,10K-15K
159,vivo Y19 5G,vivo,6,128 ,5500,6.74,13MP + 0.08MP,5MP,4.5,Very Good,27,0,27,21,12999,10K-15K
160,vivo T2x 5G,vivo,6,128 ,5000,6.58,50MP + 2MP,8MP,4.4,Very Good,452757,23668,476425,31,12999,10K-15K
161,POCO M7 Pro 5G,POCO,6,128 ,5110,6.67,50MP + 2MP,20MP,4.3,Very Good,13796,1280,15076,31,12999,10K-15K
162,Samsung Galaxy F16 5G,Samsung,6,128 ,5000,6.657,50MP + 5MP + 2MP,13MP,4.2,Very Good,2972,224,3196,25,12999,10K-15K
163,Samsung Galaxy F16 5G,Samsung,6,128 ,5000,6.657,50MP + 5MP + 2MP,13MP,4.2,Very Good,2972,224,3196,25,12999,10K-15K
164,OPPO K12x 5G,OPPO,6,128 ,5100,6.67,32MP + 2MP,8MP,4.5,Very Good,178548,6376,184924,23,12999,10K-15K
165,OPPO K12x 5G,OPPO,6,128 ,5100,6.67,32MP + 2MP,8MP,4.5,Very Good,178548,6376,184924,23,12999,10K-15K
166,POCO M7 Pro 5G,POCO,6,128 ,5110,6.67,50MP + 2MP,20MP,4.3,Very Good,13796,1280,15076,31,12999,10K-15K
167,OPPO K13x 5G 6000mAh and 45W SUPERVOOC Charger & AI,OPPO,6,128 ,6000,6.67,50MP + 2MP,8MP,4.7,Excellent,823,25,848,23,12999,10K-15K
168,POCO M6 Pro 5G,POCO,6,128 ,5000,6.79,50MP + 2MP,8MP,4.2,Very Good,140378,8692,149070,23,12999,10K-15K
169,OPPO K12x 5G,OPPO,6,128 ,5100,6.67,32MP + 2MP,8MP,4.5,Very Good,178548,6376,184924,23,12999,10K-15K
170,Tecno Spark 30C 5G,Tecno,8,128 ,5000,6.67,48MP Rear Camera,8MP,4.3,Very Good,61,7,68,13,12999,10K-15K
171,vivo Y19 5G,vivo,6,128 ,5500,6.74,13MP + 0.08MP,5MP,4.5,Very Good,27,0,27,21,12999,10K-15K
172,vivo T2x 5G,vivo,6,128 ,5000,6.58,50MP + 2MP,8MP,4.4,Very Good,452757,23668,476425,31,12999,10K-15K
173,Infinix Note 50x 5G+,Infinix,8,128 ,5500,6.67,50MP + AI Lens,8MP,4.3,Very Good,2310,234,2544,23,12999,10K-15K
174,POCO M7 Pro 5G,POCO,6,128 ,5110,6.67,50MP + 2MP,20MP,4.3,Very Good,13796,1280,15076,31,12999,10K-15K
175,realme C63 5G Charger in the Box,realme,8,128 ,5000,6.67,32MP Rear Camera,8MP,4.4,Very Good,3820,126,3946,13,12999,10K-15K
176,Infinix Note 50x 5G+,Infinix,8,128 ,5500,6.67,50MP + AI Lens,8MP,4.3,Very Good,2310,234,2544,23,12999,10K-15K
177,vivo T2x 5G,vivo,6,128 ,5000,6.58,50MP + 2MP,8MP,4.4,Very Good,452757,23668,476425,31,12999,10K-15K
178,realme C75 5G,realme,4,128 ,6000,6.67,32MP Rear Camera,8MP,4.4,Very Good,277,16,293,18,12999,10K-15K
179,POCO M7 Pro 5G,POCO,6,128 ,5110,6.67,50MP + 2MP,20MP,4.3,Very Good,13796,1280,15076,31,12999,10K-15K
180,realme C75 5G,realme,4,128 ,6000,6.67,32MP Rear Camera,8MP,4.4,Very Good,277,16,293,18,12999,10K-15K
181,Infinix Note 50x 5G+,Infinix,8,128 ,5500,6.67,50MP + AI Lens,8MP,4.3,Very Good,2310,234,2544,23,12999,10K-15K
182,POCO M6 Pro 5G,POCO,6,128 ,5000,6.79,50MP + 2MP,8MP,4.2,Very Good,140378,8692,149070,23,12999,10K-15K
183,OPPO K12x 5G,OPPO,6,128 ,5100,6.67,32MP + 2MP,8MP,4.5,Very Good,178548,6376,184924,23,12999,10K-15K
184,realme C75 5G,realme,4,128 ,6000,6.67,32MP Rear Camera,8MP,4.4,Very Good,277,16,293,18,12999,10K-15K
185,Tecno Spark 30C 5G,Tecno,8,128 ,5000,6.67,48MP Rear Camera,8MP,4.3,Very Good,61,7,68,13,12999,10K-15K
186,Samsung Galaxy F16 5G,Samsung,6,128 ,5000,6.657,50MP + 5MP + 2MP,13MP,4.2,Very Good,2972,224,3196,25,12999,10K-15K
187,vivo T2x 5G,vivo,6,128 ,5000,6.58,50MP + 2MP,8MP,4.4,Very Good,452757,23668,476425,31,12999,10K-15K
188,REDMI 13C 5G,REDMI,8,256 ,5000,6.74,50MP Rear Camera,5MP,4.2,Very Good,8359,413,8772,26,13299,10K-15K
189,REDMI 13C 5G,REDMI,8,256 ,5000,6.74,50MP Rear Camera,5MP,4.2,Very Good,8359,413,8772,26,13299,10K-15K
190,REDMI 13C 5G,REDMI,8,256 ,5000,6.74,50MP Rear Camera,5MP,4.2,Very Good,8359,413,8772,26,13299,10K-15K
191,REDMI 13C 5G,REDMI,8,256 ,5000,6.74,50MP Rear Camera,5MP,4.2,Very Good,8359,413,8772,26,13299,10K-15K
192,realme 12x 5G,realme,8,128 ,5000,6.72,50MP + 2MP,8MP,4.4,Very Good,53801,1990,55791,28,13499,10K-15K
193,REDMI Note 12 5G,REDMI,4,128 ,5000,6.67,48MP + 8MP + 2MP,13MP,3.9,Good,9420,760,10180,32,13499,10K-15K
194,POCO M6 5G,POCO,8,256 ,5000,6.74,50MP Rear Camera,5MP,4.2,Very Good,19696,1081,20777,15,13499,10K-15K
195,realme 12x 5G,realme,8,128 ,5000,6.72,50MP + 2MP,8MP,4.4,Very Good,53801,1990,55791,28,13499,10K-15K
196,POCO M6 5G,POCO,8,256 ,5000,6.74,50MP Rear Camera,5MP,4.2,Very Good,19696,1081,20777,15,13499,10K-15K
197,REDMI 12 5G,REDMI,8,256 ,5000,6.79,50MP + 2MP,8MP,4.2,Very Good,40207,2268,42475,32,13525,10K-15K
198,POCO X6 Neo 5G,POCO,8,128 ,5000,6.67,108MP + 2MP,16MP,4.2,Very Good,41718,3050,44768,30,13889,10K-15K
199,vivo T3x 5G,vivo,6,128 ,6000,6.7165354,50MP + 2MP,8MP,4.5,Very Good,152823,5854,158677,26,13999,10K-15K
200,realme P3x 5G,realme,8,128 ,6000,6.72,50MP Rear Camera,8MP,4.4,Very Good,5699,258,5957,22,13999,10K-15K
201,Motorola g64 5G,Motorola,8,128 ,6000,6.5,50MP (OIS) + 8MP,16MP,4.3,Very Good,58489,3688,62177,22,13999,10K-15K
202,vivo T3x 5G,vivo,6,128 ,6000,6.7165354,50MP + 2MP,8MP,4.5,Very Good,152823,5854,158677,26,13999,10K-15K
203,Motorola g64 5G,Motorola,8,128 ,6000,6.5,50MP (OIS) + 8MP,16MP,4.3,Very Good,58489,3688,62177,22,13999,10K-15K
204,vivo T4x 5G,vivo,6,128 ,6500,6.72,50MP + 2MP,8MP,4.4,Very Good,70982,3914,74896,22,13999,10K-15K
205,realme C75 5G,realme,6,128 ,6000,6.67,32MP Rear Camera,8MP,4.3,Very Good,470,25,495,17,13999,10K-15K
206,Motorola g64 5G,Motorola,8,128 ,6000,6.5,50MP (OIS) + 8MP,16MP,4.3,Very Good,58489,3688,62177,22,13999,10K-15K
207,realme C75 5G,realme,6,128 ,6000,6.67,32MP Rear Camera,8MP,4.3,Very Good,470,25,495,17,13999,10K-15K
208,Motorola g64 5G,Motorola,8,128 ,6000,6.5,50MP (OIS) + 8MP,16MP,4.3,Very Good,58489,3688,62177,22,13999,10K-15K
209,Tecno Pova 6 Neo 5G,Tecno,8,256 ,5000,6.67,108MP Rear Camera,8MP,4.1,Very Good,294,20,314,17,13999,10K-15K
210,Tecno Pova 6 Neo 5G,Tecno,8,256 ,5000,6.67,108MP Rear Camera,8MP,4.1,Very Good,294,20,314,17,13999,10K-15K
211,Tecno Pova 6 Neo 5G,Tecno,8,256 ,5000,6.67,108MP Rear Camera,8MP,4.1,Very Good,294,20,314,17,13999,10K-15K
212,vivo T4x 5G,vivo,6,128 ,6500,6.72,50MP + 2MP,8MP,4.4,Very Good,70982,3914,74896,22,13999,10K-15K
213,realme C75 5G,realme,6,128 ,6000,6.67,32MP Rear Camera,8MP,4.3,Very Good,470,25,495,17,13999,10K-15K
214,vivo Y29 5G,vivo,4,128 ,5500,6.68,50MP + 0.08MP,8MP,4.3,Very Good,640,35,675,15,13999,10K-15K
215,realme P1 5G,realme,6,128 ,5000,6.67,50MP + 2MP,16MP,4.4,Very Good,105576,6189,111765,33,13999,10K-15K
216,Motorola g64 5G,Motorola,8,128 ,6000,6.5,50MP (OIS) + 8MP,16MP,4.3,Very Good,58489,3688,62177,22,13999,10K-15K
217,Tecno Pova 6 Neo 5G,Tecno,8,256 ,5000,6.67,108MP Rear Camera,8MP,4.1,Very Good,294,20,314,17,13999,10K-15K
218,realme P1 5G,realme,6,128 ,5000,6.67,50MP + 2MP,16MP,4.4,Very Good,105576,6189,111765,33,13999,10K-15K
219,vivo T4x 5G,vivo,6,128 ,6500,6.72,50MP + 2MP,8MP,4.4,Very Good,70982,3914,74896,22,13999,10K-15K
220,Samsung Galaxy A16 5G,Samsung,6,128 ,5000,6.7,50MP + 5MP + 2MP,13MP,4.2,Very Good,2045,103,2148,27,14498,10K-15K
221,Samsung Galaxy A16 5G,Samsung,6,128 ,5000,6.7,50MP + 5MP + 2MP,13MP,4.2,Very Good,2045,103,2148,27,14499,10K-15K
222,POCO X5 5G,POCO,8,256 ,5000,6.67,48MP + 8MP + 2MP,13MP,4.2,Very Good,25424,1829,27253,39,14499,10K-15K
223,REDMI 12 5G,REDMI,8,256 ,5000,6.79,50MP + 2MP,8MP,4.2,Very Good,40207,2268,42475,27,14499,10K-15K
224,Samsung Galaxy A16 5G,Samsung,6,128 ,5000,6.7,50MP + 5MP + 2MP,13MP,4.2,Very Good,2045,103,2148,27,14499,10K-15K
225,Samsung Galaxy A16 5G,Samsung,6,128 ,5000,6.7,50MP + 5MP + 2MP,13MP,4.2,Very Good,2045,103,2148,27,14499,10K-15K
226,REDMI 12 5G,REDMI,8,256 ,5000,6.79,50MP + 2MP,8MP,4.2,Very Good,40207,2268,42475,27,14499,10K-15K
227,Samsung Galaxy A16 5G,Samsung,6,128 ,5000,6.7,50MP + 5MP + 2MP,13MP,4.2,Very Good,2045,103,2148,27,14499,10K-15K
228,Samsung Galaxy F16 5G,Samsung,8,128 ,5000,6.657,50MP + 5MP + 2MP,13MP,4.2,Very Good,1368,112,1480,23,14499,10K-15K
229,Samsung Galaxy A16 5G,Samsung,6,128 ,5000,6.7,50MP + 5MP + 2MP,13MP,4.2,Very Good,2045,103,2148,27,14499,10K-15K
230,realme NARZO 70 5G,realme,8,128 ,5000,6.67,50MP Rear Camera,16MP,4.3,Very Good,2147,120,2267,29,14799,10K-15K
231,realme 12x 5G,realme,4,128 ,5000,6.72,50MP + 2MP,8MP,4.1,Very Good,14688,930,15618,11,14998,10K-15K
232,Motorola g54 5G,Motorola,8,128 ,6000,6.5,50MP (OIS) + 8MP,16MP,4.2,Very Good,102652,9051,111703,16,14999,10K-15K
233,realme 14x 5G,realme,6,128 ,6000,6.67,50MP Rear Camera,8MP,4.4,Very Good,9255,477,9732,11,14999,10K-15K
234,realme P1 5G,realme,8,128 ,5000,6.67,50MP + 2MP,16MP,4.4,Very Good,50793,2813,53606,31,14999,10K-15K
235,vivo T4x 5G,vivo,8,128 ,6500,6.72,50MP + 2MP,8MP,4.5,Very Good,53828,3165,56993,23,14999,10K-15K
236,realme 11x 5G,realme,6,128 ,5000,6.72,64MP + 2MP,8MP,4.4,Very Good,139618,8443,148061,11,14999,10K-15K
237,POCO M6 Pro 5G,POCO,8,256 ,5000,6.79,50MP + 2MP,8MP,4.2,Very Good,25920,1887,27807,16,14999,10K-15K
238,REDMI Note 13 5G,REDMI,6,128 ,5000,6.67,108MP + 2MP,16MP,4.2,Very Good,30351,1767,32118,28,14999,10K-15K
239,realme 14x 5G,realme,6,128 ,6000,6.67,50MP Rear Camera,8MP,4.4,Very Good,9255,477,9732,11,14999,10K-15K
240,POCO M7 Pro 5G,POCO,8,256 ,5110,6.67,50MP + 2MP,20MP,4.3,Very Good,5969,629,6598,28,14999,10K-15K
241,realme C67 5G,realme,6,128 ,5000,6.72,50MP + 2MP,8MP,4.3,Very Good,1388,106,1494,16,14999,10K-15K
242,realme 14x 5G,realme,6,128 ,6000,6.67,50MP Rear Camera,8MP,4.4,Very Good,9255,477,9732,11,14999,10K-15K
243,POCO M7 Pro 5G,POCO,8,256 ,5110,6.67,50MP + 2MP,20MP,4.3,Very Good,5969,629,6598,28,14999,10K-15K
244,Motorola g54 5G,Motorola,8,128 ,6000,6.5,50MP (OIS) + 8MP,16MP,4.2,Very Good,102652,9051,111703,16,14999,10K-15K
245,REDMI Note 13 5G,REDMI,6,128 ,5000,6.67,108MP + 2MP,16MP,4.2,Very Good,30351,1767,32118,28,14999,10K-15K
246,Infinix Note 50s 5G+,Infinix,6,128 ,5500,6.78,64MP + 2MP,13MP,4.4,Very Good,127,14,141,25,14999,10K-15K
247,realme P1 Speed 5G,realme,8,128 ,5000,6.67,50MP + 2MP,16MP,4.3,Very Good,2431,260,2691,28,14999,10K-15K
248,Infinix Note 50s 5G+,Infinix,6,128 ,5500,6.78,64MP + 2MP,13MP,4.4,Very Good,127,14,141,25,14999,10K-15K
249,Infinix Note 50s 5G+,Infinix,6,128 ,5500,6.78,64MP + 2MP,13MP,4.4,Very Good,127,14,141,25,14999,10K-15K
250,POCO M6 Pro 5G,POCO,8,256 ,5000,6.79,50MP + 2MP,8MP,4.2,Very Good,25920,1887,27807,16,14999,10K-15K
251,Motorola g54 5G,Motorola,8,128 ,6000,6.5,50MP (OIS) + 8MP,16MP,4.2,Very Good,102652,9051,111703,16,14999,10K-15K
252,REDMI 12 5G,REDMI,6,128 ,5000,6.79,50MP + 2MP,8MP,4.3,Very Good,64513,3035,67548,16,14999,10K-15K
253,POCO M7 Pro 5G,POCO,8,256 ,5110,6.67,50MP + 2MP,20MP,4.3,Very Good,5969,629,6598,28,14999,10K-15K
254,Tecno Camon 20 Pro,Tecno,8,128 ,5000,6.67,64MP + 2MP + 2MP,32MP,4.1,Very Good,825,95,920,38,15399,15K-20K
255,REDMI Note 12 5G,REDMI,6,128 ,5000,6.67,48MP + 8MP + 2MP,13MP,4.2,Very Good,15905,1078,16983,29,15490,15K-20K
256,IQOO Z6 5G,IQOO,4,128 ,5000,6.58,50MP Rear Camera,16MP,4.1,Very Good,839,67,906,22,15499,15K-20K
257,vivo Y29 5G,vivo,6,128 ,5500,6.68,50MP + 0.08MP,8MP,4.4,Very Good,1346,57,1403,13,15499,15K-20K
258,vivo T3x 5G,vivo,8,128 ,6000,6.7165354,50MP + 2MP,8MP,4.4,Very Good,29837,1485,31322,24,15499,15K-20K
259,NOTE 12 5G,NOTE,6,128 ,5000,6.67,48MP + 8MP + 2MP,13MP,4.2,Very Good,24,1,25,27,15990,15K-20K
260,REDMI Note 12 5G,REDMI,6,128 ,5000,6.67,48MP + 8MP + 2MP,13MP,4.2,Very Good,15905,1078,16983,27,15998,15K-20K
261,Infinix Note 50s 5G+,Infinix,8,128 ,5500,6.78,64MP + 2MP,13MP,4.4,Very Good,11782,1220,13002,27,15999,15K-20K
262,Motorola g64 5G,Motorola,12,256 ,6000,6.5,50MP (OIS) + 8MP,16MP,4.2,Very Good,83065,5356,88421,20,15999,15K-20K
263,realme 14x 5G,realme,8,128 ,6000,6.67,50MP Rear Camera,8MP,4.4,Very Good,5254,288,5542,11,15999,15K-20K
264,realme P1 Pro 5G,realme,8,128 ,5000,6.7,50MP + 8MP,16MP,4.5,Very Good,30794,1989,32783,36,15999,15K-20K
265,realme P1 Pro 5G,realme,8,128 ,5000,6.7,50MP + 8MP,16MP,4.5,Very Good,30794,1989,32783,36,15999,15K-20K
266,Tecno Pova Curve 5G,Tecno,6,128 ,5500,6.78,64MP Rear Camera,13MP,4.3,Very Good,513,95,608,15,15999,15K-20K
267,realme P3 5G,realme,6,128 ,6000,6.67,50MP + 2MP,16MP,4.4,Very Good,13997,1109,15106,20,15999,15K-20K
268,realme P1 5G,realme,8,256 ,5000,6.67,50MP + 2MP,16MP,4.4,Very Good,50793,2813,53606,30,15999,15K-20K
269,Infinix Note 40 5G,Infinix,8,256 ,5000,6.78,108MP + 2MP + 2MP,32MP,4.2,Very Good,11747,1129,12876,36,15999,15K-20K
270,Infinix Note 40 5G,Infinix,8,256 ,5000,6.78,108MP + 2MP + 2MP,32MP,4.2,Very Good,11747,1129,12876,36,15999,15K-20K
271,Infinix Note 50s 5G+,Infinix,8,128 ,5500,6.78,64MP + 2MP,13MP,4.4,Very Good,11782,1220,13002,27,15999,15K-20K
272,Motorola g64 5G,Motorola,12,256 ,6000,6.5,50MP (OIS) + 8MP,16MP,4.2,Very Good,83065,5356,88421,20,15999,15K-20K
273,Infinix Note 50s 5G+,Infinix,8,128 ,5500,6.78,64MP + 2MP,13MP,4.4,Very Good,11782,1220,13002,27,15999,15K-20K
274,realme 14x 5G,realme,8,128 ,6000,6.67,50MP Rear Camera,8MP,4.4,Very Good,5254,288,5542,11,15999,15K-20K
275,POCO X6 Neo 5G,POCO,8,128 ,5000,6.67,108MP + 2MP,16MP,4.2,Very Good,41718,3050,44768,20,15999,15K-20K
276,realme 14x 5G,realme,8,128 ,6000,6.67,50MP Rear Camera,8MP,4.4,Very Good,5254,288,5542,11,15999,15K-20K
277,realme 11x 5G,realme,8,128 ,5000,6.72,64MP + 2MP,8MP,4.4,Very Good,19938,1244,21182,15,15999,15K-20K
278,Infinix Note 50s 5G+,Infinix,8,128 ,5500,6.78,64MP + 2MP,13MP,4.4,Very Good,11782,1220,13002,27,15999,15K-20K
279,realme P3 5G,realme,6,128 ,6000,6.67,50MP + 2MP,16MP,4.4,Very Good,13997,1109,15106,20,15999,15K-20K
280,realme P1 Pro 5G,realme,8,128 ,5000,6.7,50MP + 8MP,16MP,4.5,Very Good,30794,1989,32783,36,15999,15K-20K
281,realme 14x 5G,realme,8,128 ,6000,6.67,50MP Rear Camera,8MP,4.4,Very Good,5254,288,5542,11,15999,15K-20K
282,Motorola g64 5G,Motorola,12,256 ,6000,6.5,50MP (OIS) + 8MP,16MP,4.2,Very Good,83065,5356,88421,20,15999,15K-20K
283,vivo Y58 5G,vivo,8,128 ,6000,6.72,50MP + 2MP,8MP,4.4,Very Good,1111,54,1165,30,16689,15K-20K
284,vivo Y58 5G,vivo,8,128 ,6000,6.72,50MP + 2MP,8MP,4.4,Very Good,1111,54,1165,30,16689,15K-20K
285,Samsung Galaxy A15 5G,Samsung,8,128 ,5000,6.5,50MP + 5MP + 2MP,13MP,4.3,Very Good,3983,237,4220,21,16800,15K-20K
286,OPPO A3 Pro 5G,OPPO,8,128 ,5100,6.67,50MP + 50MP + 2MP,13MP Dual,4.3,Very Good,2308,106,2414,19,16890,15K-20K
287,OPPO A3 Pro 5G,OPPO,8,128 ,5100,6.67,50MP + 50MP + 2MP,13MP Dual,4.3,Very Good,2308,106,2414,19,16890,15K-20K
288,realme P1 Speed 5G,realme,12,256 ,5000,6.67,50MP + 2MP,16MP,4.4,Very Good,790,70,860,19,16899,15K-20K
289,Samsung Galaxy A16 5G,Samsung,8,128 ,5000,6.7,50MP + 5MP + 2MP,13MP,4.2,Very Good,2897,175,3072,20,16998,15K-20K
290,POCO X7 5G,POCO,8,128 ,5500,6.67,50MP + 8MP + 2MP,20MP,4.3,Very Good,9302,907,10209,32,16999,15K-20K
291,POCO X7 5G,POCO,8,128 ,5500,6.67,50MP + 8MP + 2MP,20MP,4.3,Very Good,9302,907,10209,32,16999,15K-20K
292,Samsung Galaxy A15 5G,Samsung,8,128 ,5000,6.5,50MP + 5MP + 2MP,13MP,4.3,Very Good,3983,237,4220,20,16999,15K-20K
293,vivo T4x 5G,vivo,8,256 ,6500,6.72,50MP + 2MP,8MP,4.5,Very Good,53828,3165,56993,19,16999,15K-20K
294,POCO X7 5G,POCO,8,128 ,5500,6.67,50MP + 8MP + 2MP,20MP,4.3,Very Good,9302,907,10209,32,16999,15K-20K
295,vivo T4x 5G,vivo,8,256 ,6500,6.72,50MP + 2MP,8MP,4.5,Very Good,53828,3165,56993,19,16999,15K-20K
296,POCO X7 5G,POCO,8,128 ,5500,6.67,50MP + 8MP + 2MP,20MP,4.3,Very Good,9302,907,10209,32,16999,15K-20K
297,vivo Y29 5G,vivo,8,128 ,5500,6.68,50MP + 0.08MP,8MP,4.3,Very Good,759,36,795,22,16999,15K-20K
298,Motorola g54 5G,Motorola,12,256 ,6000,6.5,50MP (OIS) + 8MP,16MP,4.2,Very Good,83908,7321,91229,22,16999,15K-20K
299,vivo Y39 5G,vivo,8,128 ,6500,6.68,50MP + 2MP,8MP,4.4,Very Good,279,12,291,22,16999,15K-20K
300,realme 12 5G,realme,6,128 ,5000,6.72,108MP + 2MP,8MP,4.4,Very Good,8067,512,8579,15,16999,15K-20K
301,realme 12 5G,realme,6,128 ,5000,6.72,108MP + 2MP,8MP,4.4,Very Good,8067,512,8579,15,16999,15K-20K
302,POCO X7 5G,POCO,8,128 ,5500,6.67,50MP + 8MP + 2MP,20MP,4.3,Very Good,9302,907,10209,32,16999,15K-20K
303,realme 12 5G,realme,6,128 ,5000,6.72,108MP + 2MP,8MP,4.4,Very Good,8067,512,8579,15,16999,15K-20K
304,Motorola G85 5G,Motorola,8,128 ,5000,6.67,50MP + 8MP,32MP,4.4,Very Good,203876,10622,214498,19,16999,15K-20K
305,vivo T3 5G,vivo,8,128 ,5000,6.67,50MP + 2MP,16MP,4.4,Very Good,128249,7962,136211,26,16999,15K-20K
306,realme P3 5G,realme,8,128 ,6000,6.67,50MP + 2MP,16MP,4.4,Very Good,9846,762,10608,19,16999,15K-20K
307,vivo T3 5G,vivo,8,128 ,5000,6.67,50MP + 2MP,16MP,4.4,Very Good,128249,7962,136211,26,16999,15K-20K
308,Motorola G85 5G,Motorola,8,128 ,5000,6.67,50MP + 8MP,32MP,4.4,Very Good,203876,10622,214498,19,16999,15K-20K
309,Motorola G85 5G,Motorola,8,128 ,5000,6.67,50MP + 8MP,32MP,4.4,Very Good,203876,10622,214498,19,16999,15K-20K
310,REDMI Note 13 5G,REDMI,12,256 ,5000,6.67,108MP + 2MP,16MP,4.2,Very Good,7117,451,7568,30,17499,15K-20K
311,Samsung Galaxy A16 5G,Samsung,8,128 ,5000,6.7,50MP + 5MP + 2MP,13MP,4.2,Very Good,2897,175,3072,18,17499,15K-20K
312,REDMI 12 5G,REDMI,8,256 ,5000,6.79,50MP + 2MP,8MP,4.2,Very Good,40207,2268,42475,10,17990,15K-20K
313,realme 14T 5G,realme,8,128 ,6000,6.67,50MP + 2MP,16MP,4.3,Very Good,586,71,657,14,17999,15K-20K
314,realme P2 Pro 5G,realme,8,128 ,5200,6.7,50MP + 8MP,32MP,4.4,Very Good,15865,1160,17025,30,17999,15K-20K
315,realme P1 Pro 5G,realme,12,256 ,5000,6.7,50MP + 8MP,16MP,4.4,Very Good,7039,453,7492,33,17999,15K-20K
316,OPPO K13 5G,OPPO,8,128 ,7000,6.67,50MP + 2MP,16MP,4.5,Very Good,15695,1133,16828,21,17999,15K-20K
317,realme 11 5G,realme,8,256 ,5000,6.72,108MP + 2MP,16MP,4.3,Very Good,73869,5475,79344,21,17999,15K-20K
318,CMF by Nothing Phone 1,CMF,8,128 ,5000,6.67,50MP + 2MP,16MP,4.4,Very Good,26164,1733,27897,18,17999,15K-20K
319,Infinix Note 50s 5G+,Infinix,8,256 ,5500,6.78,64MP + 2MP,13MP,4.4,Very Good,11782,1220,13002,28,17999,15K-20K
320,OPPO K13 5G,OPPO,8,128 ,7000,6.67,50MP + 2MP,16MP,4.5,Very Good,15695,1133,16828,21,17999,15K-20K
321,Infinix Note 50s 5G+,Infinix,8,256 ,5500,6.78,64MP + 2MP,13MP,4.4,Very Good,11782,1220,13002,28,17999,15K-20K
322,Infinix Note 50s 5G+,Infinix,8,256 ,5500,6.78,64MP + 2MP,13MP,4.4,Very Good,11782,1220,13002,28,17999,15K-20K
323,Infinix Note 50s 5G+,Infinix,8,256 ,5500,6.78,64MP + 2MP,13MP,4.4,Very Good,11782,1220,13002,28,17999,15K-20K
324,Infinix Note 50s 5G+,Infinix,8,256 ,5500,6.78,64MP + 2MP,13MP,4.4,Very Good,11782,1220,13002,28,17999,15K-20K
325,realme 12 5G,realme,8,128 ,5000,6.72,108MP + 2MP,8MP,4.3,Very Good,2529,131,2660,14,17999,15K-20K
326,vivo T3 5G,vivo,8,256 ,5000,6.67,50MP + 2MP,16MP,4.4,Very Good,128249,7962,136211,26,18499,15K-20K
327,realme P3 5G,realme,8,256 ,6000,6.67,50MP + 2MP,16MP,4.4,Very Good,9846,762,10608,19,18499,15K-20K
328,Motorola Edge 50 Fusion,Motorola,8,128 ,5000,6.7,50MP + 13MP,32MP,4.5,Very Good,123666,8127,131793,26,18999,15K-20K
329,Motorola G85 5G,Motorola,12,256 ,5000,6.67,50MP + 8MP,32MP,4.4,Very Good,76700,4332,81032,17,18999,15K-20K
330,CMF by Nothing Phone 2 Pro,CMF,8,128 ,5000,6.77,50MP + 50MP + 8MP,16MP,4.4,Very Good,10226,965,11191,17,18999,15K-20K
331,CMF by Nothing Phone 2 Pro,CMF,8,128 ,5000,6.77,50MP + 50MP + 8MP,16MP,4.4,Very Good,10226,965,11191,17,18999,15K-20K
332,realme P2 Pro 5G,realme,12,256 ,5200,6.7,50MP + 8MP,32MP,4.4,Very Good,17144,1397,18541,32,18999,15K-20K
333,CMF by Nothing Phone 2 Pro,CMF,8,128 ,5000,6.77,50MP + 50MP + 8MP,16MP,4.4,Very Good,10226,965,11191,17,18999,15K-20K
334,Infinix Note 40 Pro 5G,Infinix,8,256 ,5000,6.78,108MP (OIS) + 2MP + 2MP,32MP,4.2,Very Good,39800,2629,42429,32,18999,15K-20K
335,Motorola G85 5G,Motorola,12,256 ,5000,6.67,50MP + 8MP,32MP,4.4,Very Good,76700,4332,81032,17,18999,15K-20K
336,CMF by Nothing Phone 2 Pro,CMF,8,128 ,5000,6.77,50MP + 50MP + 8MP,16MP,4.4,Very Good,10226,965,11191,17,18999,15K-20K
337,Motorola G85 5G,Motorola,12,256 ,5000,6.67,50MP + 8MP,32MP,4.4,Very Good,76700,4332,81032,17,18999,15K-20K
338,Infinix Note 40 Pro 5G,Infinix,8,256 ,5000,6.78,108MP (OIS) + 2MP + 2MP,32MP,4.2,Very Good,39800,2629,42429,32,18999,15K-20K
339,Motorola G85 5G,Motorola,12,256 ,5000,6.67,50MP + 8MP,32MP,4.4,Very Good,76700,4332,81032,17,18999,15K-20K
340,vivo Y39 5G,vivo,8,256 ,6500,6.68,50MP + 2MP,8MP,4.4,Very Good,279,12,291,20,18999,15K-20K
341,Motorola Edge 50 Fusion,Motorola,8,128 ,5000,6.7,50MP + 13MP,32MP,4.5,Very Good,123666,8127,131793,26,18999,15K-20K
342,Motorola G85 5G,Motorola,12,256 ,5000,6.67,50MP + 8MP,32MP,4.4,Very Good,76700,4332,81032,17,18999,15K-20K
343,CMF by Nothing Phone 2 Pro,CMF,8,128 ,5000,6.77,50MP + 50MP + 8MP,16MP,4.4,Very Good,10226,965,11191,17,18999,15K-20K
344,Motorola G85 5G,Motorola,12,256 ,5000,6.67,50MP + 8MP,32MP,4.4,Very Good,76700,4332,81032,17,18999,15K-20K
345,Motorola Edge 50 Fusion,Motorola,8,128 ,5000,6.7,50MP + 13MP,32MP,4.5,Very Good,123666,8127,131793,26,18999,15K-20K
346,POCO X7 5G,POCO,8,256 ,5500,6.67,50MP + 8MP + 2MP,20MP,4.3,Very Good,9302,907,10209,32,18999,15K-20K
347,CMF by Nothing Phone 2 Pro,CMF,8,128 ,5000,6.77,50MP + 50MP + 8MP,16MP,4.4,Very Good,10226,965,11191,17,18999,15K-20K
348,POCO X5 Pro 5G,POCO,8,256 ,5000,6.67,108MP + 8MP + 2MP,16MP,4.3,Very Good,45595,4160,49755,33,19349,15K-20K
349,POCO X5 Pro 5G,POCO,8,256 ,5000,6.67,108MP + 8MP + 2MP,16MP,4.3,Very Good,45595,4160,49755,33,19349,15K-20K
350,POCO X6 Pro 5G,POCO,8,256 ,5000,6.67,64MP + 8MP + 2MP,16MP,4.3,Very Good,23890,2515,26405,35,19899,15K-20K
351,vivo T2x 5G,vivo,8,128 ,5000,6.58,50MP + 2MP,8MP,4.4,Very Good,77864,4345,82209,4,19990,15K-20K
352,realme 14T 5G,realme,8,256 ,6000,6.67,50MP + 2MP,16MP,4.3,Very Good,586,71,657,13,19999,15K-20K
353,realme 12 Pro 5G,realme,8,128 ,5000,6.7,50MP + 8MP + 32MP,16MP,4.4,Very Good,33712,2866,36578,33,19999,15K-20K
354,REDMI Note 13 Pro 5G,REDMI,8,128 ,5100,6.67,200MP (OIS) + 8MP + 2MP,16MP,4.3,Very Good,37899,2976,40875,31,19999,15K-20K
355,realme 14T 5G,realme,8,256 ,6000,6.67,50MP + 2MP,16MP,4.3,Very Good,586,71,657,13,19999,15K-20K
356,realme P3 Pro 5G,realme,8,128 ,6000,6.83,50MP + 2MP,16MP,4.4,Very Good,4917,458,5375,31,19999,15K-20K
357,realme P3 Pro 5G,realme,8,128 ,6000,6.83,50MP + 2MP,16MP,4.4,Very Good,4917,458,5375,31,19999,15K-20K
358,realme P3 Pro 5G,realme,8,128 ,6000,6.83,50MP + 2MP,16MP,4.4,Very Good,4917,458,5375,31,19999,15K-20K
359,Samsung Galaxy F34 5G,Samsung,6,128 ,6000,6.5,50MP (OIS) + 8MP + 2MP,13MP,4.2,Very Good,47267,3540,50807,18,19999,15K-20K
360,OPPO Reno 12 5G,OPPO,8,256 ,5000,6.7,50MP + 8MP + 2MP,32MP,4.4,Very Good,4804,325,5129,54,19999,15K-20K
361,Motorola Edge 50 Neo,Motorola,8,256 ,4310,6.4,50MP + 13MP + 10MP,32MP,4.4,Very Good,27721,2735,30456,33,19999,15K-20K
362,Samsung Galaxy A35 5G,Samsung,8,128 ,5000,6.6,50MP + 8MP + 5MP,13MP,4.3,Very Good,16448,1177,17625,41,19999,15K-20K
363,realme 13 5G,realme,8,256 ,5000,6.72,50MP + 2MP,16MP,4.3,Very Good,1164,59,1223,13,19999,15K-20K
364,realme 12 Pro 5G,realme,8,128 ,5000,6.7,50MP + 8MP + 32MP,16MP,4.4,Very Good,33712,2866,36578,33,19999,15K-20K
365,realme 13 5G,realme,8,256 ,5000,6.72,50MP + 2MP,16MP,4.3,Very Good,1164,59,1223,13,19999,15K-20K
366,Samsung Galaxy F34 5G,Samsung,6,128 ,6000,6.5,50MP (OIS) + 8MP + 2MP,13MP,4.2,Very Good,47267,3540,50807,18,19999,15K-20K
367,OPPO K13 5G,OPPO,8,256 ,7000,6.67,50MP + 2MP,16MP,4.5,Very Good,15695,1133,16828,20,19999,15K-20K
368,realme 13 5G,realme,8,256 ,5000,6.72,50MP + 2MP,16MP,4.3,Very Good,1164,59,1223,13,19999,15K-20K
369,Samsung Galaxy A16 5G,Samsung,8,256 ,5000,6.7,50MP + 5MP + 2MP,13MP,4.2,Very Good,2897,175,3072,16,20499,20K-25K
370,realme P3 Pro 5G,realme,8,256 ,6000,6.83,50MP + 2MP,16MP,4.4,Very Good,4917,458,5375,32,20999,20K-25K
371,realme 12+ 5G,realme,8,128 ,5000,6.67,50MP + 8MP + 2MP,16MP,4.3,Very Good,20025,1795,21820,12,20999,20K-25K
372,realme 12+ 5G,realme,8,128 ,5000,6.67,50MP + 8MP + 2MP,16MP,4.3,Very Good,20025,1795,21820,12,20999,20K-25K
373,realme 12+ 5G,realme,8,128 ,5000,6.67,50MP + 8MP + 2MP,16MP,4.3,Very Good,20025,1795,21820,12,20999,20K-25K
374,OPPO F27 Pro+,OPPO,8,128 ,5000,6.7,64MP + 2MP,8MP,4.4,Very Good,5200,242,5442,36,20999,20K-25K
375,CMF by Nothing Phone 2 Pro,CMF,8,256 ,5000,6.77,50MP + 50MP + 8MP,16MP,4.4,Very Good,10226,965,11191,16,20999,20K-25K
376,OPPO F27 Pro+,OPPO,8,128 ,5000,6.7,64MP + 2MP,8MP,4.4,Very Good,5200,242,5442,36,20999,20K-25K
377,realme 12 Pro 5G,realme,8,256 ,5000,6.7,50MP + 8MP + 32MP,16MP,4.4,Very Good,33712,2866,36578,34,20999,20K-25K
378,vivo Y300 5G,vivo,8,128 ,5000,6.67,50MP + 2MP,32MP,4.4,Very Good,2559,167,2726,22,20999,20K-25K
379,CMF by Nothing Phone 2 Pro,CMF,8,256 ,5000,6.77,50MP + 50MP + 8MP,16MP,4.4,Very Good,10226,965,11191,16,20999,20K-25K
380,Motorola Edge 50 Fusion,Motorola,12,256 ,5000,6.7,50MP + 13MP,32MP,4.4,Very Good,151301,10544,161845,25,20999,20K-25K
381,CMF by Nothing Phone 2 Pro,CMF,8,256 ,5000,6.77,50MP + 50MP + 8MP,16MP,4.4,Very Good,10226,965,11191,16,20999,20K-25K
382,CMF by Nothing Phone 2 Pro,CMF,8,256 ,5000,6.77,50MP + 50MP + 8MP,16MP,4.4,Very Good,10226,965,11191,16,20999,20K-25K
383,Motorola Edge 50 Fusion,Motorola,12,256 ,5000,6.7,50MP + 13MP,32MP,4.4,Very Good,151301,10544,161845,25,20999,20K-25K
384,IQOO Z7 Pro 5G,IQOO,8,128 ,4600,6.78,64MP + 2MP,16MP,4.4,Very Good,10510,625,11135,22,20999,20K-25K
385,realme P3 Pro 5G,realme,8,256 ,6000,6.83,50MP + 2MP,16MP,4.4,Very Good,4917,458,5375,32,20999,20K-25K
386,Motorola Edge 50 Fusion,Motorola,12,256 ,5000,6.7,50MP + 13MP,32MP,4.4,Very Good,151301,10544,161845,25,20999,20K-25K
387,CMF by Nothing Phone 2 Pro,CMF,8,256 ,5000,6.77,50MP + 50MP + 8MP,16MP,4.4,Very Good,10226,965,11191,16,20999,20K-25K
388,IQOO Z9S 5G,IQOO,8,256 ,5500,6.77,50MP + 50MP,2MP Dual,4.4,Very Good,7268,467,7735,24,21089,20K-25K
389,IQOO Z9S 5G,IQOO,8,256 ,5500,6.77,50MP + 50MP,2MP Dual,4.4,Very Good,7268,467,7735,24,21090,20K-25K
390,IQOO Z9S 5G,IQOO,8,256 ,5500,6.77,50MP + 50MP,2MP Dual,4.4,Very Good,7268,467,7735,24,21143,20K-25K
391,Samsung Galaxy A16 5G,Samsung,8,256 ,5000,6.7,50MP + 5MP + 2MP,13MP,4.2,Very Good,2897,175,3072,13,21294,20K-25K
392,Samsung Galaxy A35 5G,Samsung,8,256 ,5000,6.6,50MP + 8MP + 5MP,13MP,4.3,Very Good,16448,1177,17625,40,21999,20K-25K
393,realme 12+ 5G,realme,8,256 ,5000,6.67,50MP + 8MP + 2MP,16MP,4.3,Very Good,20025,1795,21820,15,21999,20K-25K
394,REDMI Note 13 Pro 5G,REDMI,8,256 ,5100,6.67,200MP (OIS) + 8MP + 2MP,16MP,4.3,Very Good,37899,2976,40875,29,21999,20K-25K
395,Infinix Note 40 Pro+ 5G,Infinix,12,256 ,4600,6.78,108MP (OIS) + 2MP + 2MP,32MP,4.2,Very Good,4715,385,5100,33,21999,20K-25K
396,POCO X6 5G,POCO,8,256 ,5100,6.67,64MP + 8MP + 2MP,16MP,4.3,Very Good,28818,2716,31534,12,21999,20K-25K
397,Samsung Galaxy A35 5G,Samsung,8,256 ,5000,6.6,50MP + 8MP + 5MP,13MP,4.3,Very Good,16448,1177,17625,40,21999,20K-25K
398,vivo T4 5G,vivo,8,128 ,7300,6.77,50MP (OIS) + 2MP,32MP,4.5,Very Good,28197,1496,29693,15,21999,20K-25K
399,realme 12+ 5G,realme,8,256 ,5000,6.67,50MP + 8MP + 2MP,16MP,4.3,Very Good,20025,1795,21820,15,21999,20K-25K
400,Samsung Galaxy A35 5G,Samsung,8,256 ,5000,6.6,50MP + 8MP + 5MP,13MP,4.3,Very Good,16448,1177,17625,40,21999,20K-25K
401,Infinix Note 40 Pro+ 5G,Infinix,12,256 ,4600,6.78,108MP (OIS) + 2MP + 2MP,32MP,4.2,Very Good,4715,385,5100,33,21999,20K-25K
402,MOTOROLA Edge 50,MOTOROLA,8,256 ,5000,6.67,50MP + 13MP + 10MP,32MP,4.3,Very Good,36477,2753,39230,33,21999,20K-25K
403,MOTOROLA Edge 50,MOTOROLA,8,256 ,5000,6.67,50MP + 13MP + 10MP,32MP,4.3,Very Good,36477,2753,39230,33,21999,20K-25K
404,REDMI Note 13 Pro 5G,REDMI,8,256 ,5100,6.67,200MP (OIS) + 8MP + 2MP,16MP,4.3,Very Good,37899,2976,40875,29,21999,20K-25K
405,Samsung Galaxy A35 5G,Samsung,8,256 ,5000,6.6,50MP + 8MP + 5MP,13MP,4.3,Very Good,16448,1177,17625,40,21999,20K-25K
406,realme 12+ 5G,realme,8,256 ,5000,6.67,50MP + 8MP + 2MP,16MP,4.3,Very Good,20025,1795,21820,15,21999,20K-25K
407,REDMI Note 13 Pro 5G,REDMI,8,256 ,5100,6.67,200MP (OIS) + 8MP + 2MP,16MP,4.3,Very Good,37899,2976,40875,29,21999,20K-25K
408,Samsung Galaxy F34 5G,Samsung,8,128 ,6000,6.5,50MP (OIS) + 8MP + 2MP,13MP,4.2,Very Good,16125,1179,17304,15,21999,20K-25K
409,REDMI Note 13 Pro 5G,REDMI,8,256 ,5100,6.67,200MP (OIS) + 8MP + 2MP,16MP,4.3,Very Good,37899,2976,40875,29,21999,20K-25K
410,POCO X6 5G,POCO,8,256 ,5100,6.67,64MP + 8MP + 2MP,16MP,4.3,Very Good,28818,2716,31534,12,21999,20K-25K
411,realme 12+ 5G,realme,8,256 ,5000,6.67,50MP + 8MP + 2MP,16MP,4.3,Very Good,20025,1795,21820,15,21999,20K-25K
412,MOTOROLA Edge 50,MOTOROLA,8,256 ,5000,6.67,50MP + 13MP + 10MP,32MP,4.3,Very Good,36477,2753,39230,33,21999,20K-25K
413,MOTOROLA Edge 50,MOTOROLA,8,256 ,5000,6.67,50MP + 13MP + 10MP,32MP,4.3,Very Good,36477,2753,39230,33,21999,20K-25K
414,MOTOROLA Edge 50,MOTOROLA,8,256 ,5000,6.67,50MP + 13MP + 10MP,32MP,4.3,Very Good,36477,2753,39230,33,21999,20K-25K
415,REDMI Note 13 Pro 5G,REDMI,12,256 ,5100,6.67,200MP (OIS) + 8MP + 2MP,16MP,4.3,Very Good,9988,737,10725,31,22499,20K-25K
416,OPPO F27 Pro+,OPPO,8,256 ,5000,6.7,64MP + 2MP,8MP,4.4,Very Good,5200,242,5442,34,22999,20K-25K
417,vivo Y300 5G,vivo,8,256 ,5000,6.67,50MP + 2MP,32MP,4.4,Very Good,2559,167,2726,20,22999,20K-25K
418,OPPO F27 Pro+,OPPO,8,256 ,5000,6.7,64MP + 2MP,8MP,4.4,Very Good,5200,242,5442,34,22999,20K-25K
419,realme 12 Pro 5G,realme,12,256 ,5000,6.7,50MP + 8MP + 32MP,16MP,4.4,Very Good,13076,835,13911,32,22999,20K-25K
420,Samsung Galaxy A26 5G,Samsung,8,128 ,5000,6.7,50MP + 8MP,13MP,4.0,Good,137,22,159,17,22999,20K-25K
421,vivo T3 Pro 5G,vivo,8,128 ,5500,6.77,50MP + 8MP,16MP,4.5,Very Good,80707,5152,85859,23,22999,20K-25K
422,MOTOROLA Edge 60 Fusion 5G,MOTOROLA,8,256 ,5500,6.67,50MP + 13MP,32MP,4.5,Very Good,30576,1835,32411,11,22999,20K-25K
423,REDMI Note 14 Pro 5G,REDMI,8,128 ,5500,6.67,50MP + 8MP + 2MP,20MP,4.4,Very Good,3512,277,3789,20,22999,20K-25K
424,REDMI Note 14 Pro 5G,REDMI,8,128 ,5500,6.67,50MP + 8MP + 2MP,20MP,4.4,Very Good,3512,277,3789,20,22999,20K-25K
425,Motorola Edge 40 Neo,Motorola,8,128 ,5000,6.55,50MP + 13MP,32MP,4.3,Very Good,59945,6075,66020,17,22999,20K-25K
426,vivo Y300 5G,vivo,8,256 ,5000,6.67,50MP + 2MP,32MP,4.4,Very Good,2559,167,2726,20,22999,20K-25K
427,MOTOROLA Edge 60 Stylus,MOTOROLA,8,256 ,5000,6.67,50MP + 13MP,32MP,4.3,Very Good,6672,592,7264,20,22999,20K-25K
428,Motorola Edge 40 Neo,Motorola,8,128 ,5000,6.55,50MP + 13MP,32MP,4.3,Very Good,59945,6075,66020,17,22999,20K-25K
429,realme 13+ 5G,realme,8,128 ,5000,6.67,50MP + 2MP,16MP,4.3,Very Good,3423,303,3726,11,22999,20K-25K
430,MOTOROLA Edge 60 Fusion 5G,MOTOROLA,8,256 ,5500,6.67,50MP + 13MP,32MP,4.5,Very Good,30576,1835,32411,11,22999,20K-25K
431,realme 12 Pro 5G,realme,12,256 ,5000,6.7,50MP + 8MP + 32MP,16MP,4.4,Very Good,13076,835,13911,32,22999,20K-25K
432,Motorola Edge 40 Neo,Motorola,8,128 ,5000,6.55,50MP + 13MP,32MP,4.3,Very Good,59945,6075,66020,17,22999,20K-25K
433,realme P3 Pro 5G,realme,12,256 ,6000,6.83,50MP + 2MP,16MP,4.4,Very Good,1191,114,1305,30,22999,20K-25K
434,Motorola Edge 40 Neo,Motorola,8,128 ,5000,6.55,50MP + 13MP,32MP,4.3,Very Good,59945,6075,66020,17,22999,20K-25K
435,realme P3 Pro 5G,realme,12,256 ,6000,6.83,50MP + 2MP,16MP,4.4,Very Good,1191,114,1305,30,22999,20K-25K
436,realme 12 Pro 5G,realme,12,256 ,5000,6.7,50MP + 8MP + 32MP,16MP,4.4,Very Good,13076,835,13911,32,22999,20K-25K
437,POCO X7 Pro 5G,POCO,8,256 ,6550,6.67,50MP + 8MP,20MP,4.3,Very Good,7072,1059,8131,25,23999,20K-25K
438,Nothing Phone,Nothing,8,128 ,5000,6.7,50MP (OIS) + 50MP,32MP,4.4,Very Good,99776,8016,107792,7,23999,20K-25K
439,realme 12 Pro+ 5G,realme,12,256 ,5000,6.7,50MP + 8MP + 64MP,32MP,4.5,Very Good,14719,1359,16078,36,23999,20K-25K
440,Nothing Phone,Nothing,8,128 ,5000,6.7,50MP (OIS) + 50MP,32MP,4.4,Very Good,99776,8016,107792,7,23999,20K-25K
441,POCO X6 5G,POCO,12,256 ,5100,6.67,64MP + 8MP + 2MP,16MP,4.3,Very Good,12806,1121,13927,11,23999,20K-25K
442,vivo T2 Pro 5G,vivo,8,256 ,4600,6.78,64MP + 2MP,16MP,4.5,Very Good,124623,9199,133822,14,23999,20K-25K
443,Honor 200 5G,Honor,8,256 ,5200,6.7,50MP + 50MP + 12MP,50MP,4.4,Very Good,119,11,130,40,23999,20K-25K
444,OPPO F29 5G,OPPO,8,128 ,6500,6.7,50MP + 2MP,16MP,4.3,Very Good,1400,94,1494,17,23999,20K-25K
445,OPPO F29 5G,OPPO,8,128 ,6500,6.7,50MP + 2MP,16MP,4.3,Very Good,1400,94,1494,17,23999,20K-25K
446,realme P2 Pro 5G,realme,12,512 ,5200,6.7,50MP + 8MP,32MP,4.4,Very Good,17144,1397,18541,22,23999,20K-25K
447,realme P2 Pro 5G,realme,12,512 ,5200,6.7,50MP + 8MP,32MP,4.4,Very Good,17144,1397,18541,22,23999,20K-25K
448,POCO X7 Pro 5G,POCO,8,256 ,6550,6.67,50MP + 8MP,20MP,4.3,Very Good,7072,1059,8131,25,23999,20K-25K
449,IQOO Z9S 5G,IQOO,12,256 ,5500,6.77,50MP + 50MP,2MP Dual,4.4,Very Good,344,16,360,18,24390,20K-25K
450,Infinix GT 20 Pro,Infinix,8,256 ,5000,6.78,108MP (OIS) + 2MP + 2MP,32MP,4.4,Very Good,14798,1127,15925,21,24999,20K-25K
451,vivo V40e 5G,vivo,8,128 ,5500,6.77,50MP + 8MP,50MP,4.4,Very Good,9247,630,9877,26,24999,20K-25K
452,vivo T2 Pro 5G,vivo,8,128 ,4600,6.78,64MP + 2MP,16MP,4.5,Very Good,124623,9199,133822,7,24999,20K-25K
453,Infinix GT 20 Pro,Infinix,8,256 ,5000,6.78,108MP (OIS) + 2MP + 2MP,32MP,4.4,Very Good,14798,1127,15925,21,24999,20K-25K
454,REDMI Note 13 Pro+ 5G,REDMI,8,256 ,5000,6.67,200MP (OIS) + 8MP + 2MP,16MP,4.3,Very Good,19426,1693,21119,26,24999,20K-25K
455,REDMI Note 14 Pro 5G,REDMI,8,256 ,5500,6.67,50MP + 8MP + 2MP,20MP,4.4,Very Good,3512,277,3789,19,24999,20K-25K
456,realme 14 Pro 5G,realme,8,128 ,6000,6.77,50MP + 2MP,16MP,4.4,Very Good,8530,732,9262,10,24999,20K-25K
457,vivo Y400 Pro 5G,vivo,8,128 ,5500,6.77,50MP + 2MP,32MP,5.0,Excellent,18,1,19,16,24999,20K-25K
458,realme 14 Pro 5G,realme,8,128 ,6000,6.77,50MP + 2MP,16MP,4.4,Very Good,8530,732,9262,10,24999,20K-25K
459,REDMI Note 14 Pro 5G,REDMI,8,256 ,5500,6.67,50MP + 8MP + 2MP,20MP,4.4,Very Good,3512,277,3789,19,24999,20K-25K
460,vivo Y400 Pro 5G,vivo,8,128 ,5500,6.77,50MP + 2MP,32MP,5.0,Excellent,18,1,19,16,24999,20K-25K
461,POCO X6 5G,POCO,12,512 ,5100,6.67,64MP + 8MP + 2MP,16MP,4.3,Very Good,12806,1121,13927,10,24999,20K-25K
462,realme 14 Pro 5G,realme,8,128 ,6000,6.77,50MP + 2MP,16MP,4.4,Very Good,8530,732,9262,10,24999,20K-25K
463,realme 14 Pro 5G,realme,8,128 ,6000,6.77,50MP + 2MP,16MP,4.4,Very Good,8530,732,9262,10,24999,20K-25K
464,MOTOROLA Edge 60 Fusion 5G,MOTOROLA,12,256 ,5500,6.67,50MP + 13MP,32MP,4.5,Very Good,15972,909,16881,10,24999,20K-25K
465,realme 13+ 5G,realme,8,256 ,5000,6.67,50MP + 2MP,16MP,4.3,Very Good,3423,303,3726,10,24999,20K-25K
466,Infinix GT 30 Pro 5G+,Infinix,8,256 ,5500,6.78,108MP + 8MP,13MP,4.5,Very Good,559,55,614,21,24999,20K-25K
467,realme P3 Ultra 5G,realme,8,256 ,6000,6.83,50MP + 8MP,16MP,4.4,Very Good,4046,538,4584,26,24999,20K-25K
468,realme 14 Pro 5G,realme,8,128 ,6000,6.77,50MP + 2MP,16MP,4.4,Very Good,8530,732,9262,10,24999,20K-25K
469,Infinix GT 30 Pro 5G+,Infinix,8,256 ,5500,6.78,108MP + 8MP,13MP,4.5,Very Good,559,55,614,21,24999,20K-25K
470,Samsung Galaxy M56 5G,Samsung,8,128 ,5000,6.7,50MP + 50MP + 8MP,12MP + 2MP Dual,4.8,Excellent,18,0,18,17,25598,25K-30K
471,vivo V29e 5G,vivo,8,256 ,5000,6.78,64MP + 8MP,50MP,4.4,Very Good,20506,1748,22254,24,25828,25K-30K
472,REDMI Note 13 Pro+ 5G,REDMI,12,256 ,5000,6.67,200MP (OIS) + 8MP + 2MP,16MP,4.2,Very Good,11386,1007,12393,27,25969,25K-30K
473,POCO X7 Pro 5G,POCO,12,256 ,6550,6.67,50MP + 8MP,20MP,4.4,Very Good,4052,533,4585,23,25999,25K-30K
474,vivo T4 5G,vivo,12,256 ,7300,6.77,50MP (OIS) + 2MP,32MP,4.5,Very Good,5435,343,5778,13,25999,25K-30K
475,Samsung Galaxy M56 5G,Samsung,8,128 ,5000,6.7,50MP + 50MP + 8MP,12MP + 2MP Dual,4.8,Excellent,18,0,18,16,25999,25K-30K
476,realme 13 Pro+ 5G,realme,8,256 ,5200,6.7,50MP + 8MP + 50MP,32MP,4.4,Very Good,14308,1462,15770,29,25999,25K-30K
477,vivo T4 5G,vivo,12,256 ,7300,6.77,50MP (OIS) + 2MP,32MP,4.5,Very Good,5435,343,5778,13,25999,25K-30K
478,POCO X7 Pro 5G,POCO,12,256 ,6550,6.67,50MP + 8MP,20MP,4.4,Very Good,4052,533,4585,23,25999,25K-30K
479,OPPO F29 5G,OPPO,8,256 ,6500,6.7,50MP + 2MP,16MP,4.3,Very Good,1400,94,1494,16,25999,25K-30K
480,OPPO F29 5G,OPPO,8,256 ,6500,6.7,50MP + 2MP,16MP,4.3,Very Good,1400,94,1494,16,25999,25K-30K
481,Nothing Phone,Nothing,8,256 ,5000,6.7,50MP (OIS) + 50MP,32MP,4.4,Very Good,99776,8016,107792,7,25999,25K-30K
482,realme 13 Pro+ 5G,realme,8,256 ,5200,6.7,50MP + 8MP + 50MP,32MP,4.4,Very Good,14308,1462,15770,29,25999,25K-30K
483,realme 13 Pro+ 5G,realme,8,256 ,5200,6.7,50MP + 8MP + 50MP,32MP,4.4,Very Good,14308,1462,15770,29,25999,25K-30K
484,Nothing Phone,Nothing,8,256 ,5000,6.7,50MP (OIS) + 50MP,32MP,4.4,Very Good,99776,8016,107792,7,25999,25K-30K
485,realme 13 Pro+ 5G,realme,8,256 ,5200,6.7,50MP + 8MP + 50MP,32MP,4.4,Very Good,14308,1462,15770,29,25999,25K-30K
486,realme 13 Pro+ 5G,realme,8,256 ,5200,6.7,50MP + 8MP + 50MP,32MP,4.4,Very Good,14308,1462,15770,29,25999,25K-30K
487,Samsung Galaxy A55 5G,Samsung,8,128 ,5000,6.6,50MP + 12MP + 5MP,32MP,4.4,Very Good,1670,143,1813,37,26845,25K-30K
488,Samsung Galaxy A55 5G,Samsung,8,128 ,5000,6.6,50MP + 12MP + 5MP,32MP,4.4,Very Good,1670,143,1813,37,26845,25K-30K
489,Samsung Galaxy M56 5G,Samsung,8,256 ,5000,6.7,50MP + 50MP + 8MP,12MP + 2MP Dual,4.8,Excellent,18,0,18,20,26990,25K-30K
490,realme 14 Pro 5G,realme,8,256 ,6000,6.77,50MP + 2MP,16MP,4.4,Very Good,8530,732,9262,10,26999,25K-30K
491,realme P3 Ultra 5G,realme,12,256 ,6000,6.83,50MP + 8MP,16MP,4.5,Very Good,1172,158,1330,25,26999,25K-30K
492,realme 14 Pro 5G,realme,8,256 ,6000,6.77,50MP + 2MP,16MP,4.4,Very Good,8530,732,9262,10,26999,25K-30K
493,realme 13 Pro 5G,realme,12,512 ,5200,6.7,50MP + 8MP + 2MP,32MP,4.3,Very Good,887,69,956,22,26999,25K-30K
494,Motorola Edge 40,Motorola,8,256 ,4400,6.5,50MP + 13MP,32MP,4.3,Very Good,84448,8787,93235,22,26999,25K-30K
495,realme 13 Pro+ 5G,realme,12,256 ,5200,6.7,50MP + 8MP + 50MP,32MP,4.4,Very Good,9280,904,10184,30,26999,25K-30K
496,realme P3 Ultra 5G,realme,12,256 ,6000,6.83,50MP + 8MP,16MP,4.5,Very Good,1172,158,1330,25,26999,25K-30K
497,Motorola Edge 40,Motorola,8,256 ,4400,6.5,50MP + 13MP,32MP,4.3,Very Good,84448,8787,93235,22,26999,25K-30K
498,Infinix GT 20 Pro,Infinix,12,256 ,5000,6.78,108MP (OIS) + 2MP + 2MP,32MP,4.3,Very Good,8308,573,8881,22,26999,25K-30K
499,Motorola Edge 40,Motorola,8,256 ,4400,6.5,50MP + 13MP,32MP,4.3,Very Good,84448,8787,93235,22,26999,25K-30K
500,Motorola Edge 50 Pro 5G,Motorola,12,256 ,4500,6.7,50MP + 13MP + 10MP,50MP,4.4,Very Good,64200,4342,68542,33,27999,25K-30K
501,vivo T3 Ultra,vivo,8,128 ,5500,6.78,50MP + 8MP,50MP,4.5,Very Good,20751,1737,22488,22,27999,25K-30K
502,realme GT 6,realme,8,256 ,5500,6.78,50MP + 8MP + 50MP,32MP,4.5,Very Good,3256,355,3611,36,27999,25K-30K
503,Motorola Edge 50 Pro 5G,Motorola,12,256 ,4500,6.7,50MP + 13MP + 10MP,50MP,4.4,Very Good,64200,4342,68542,33,27999,25K-30K
504,Motorola Edge 50 Pro 5G,Motorola,8,256 ,4500,6.7,50MP + 13MP + 10MP,50MP,4.4,Very Good,34019,2989,37008,24,27999,25K-30K
505,Nothing Phone,Nothing,8,256 ,5000,6.7,50MP + 50MP,50MP,4.4,Very Good,13487,967,14454,6,27999,25K-30K
506,realme GT 6,realme,12,256 ,5500,6.78,50MP + 8MP + 50MP,32MP,4.5,Very Good,2523,249,2772,40,27999,25K-30K
507,vivo T3 Ultra,vivo,8,128 ,5500,6.78,50MP + 8MP,50MP,4.5,Very Good,20751,1737,22488,22,27999,25K-30K
508,OPPO F29 Pro 5G,OPPO,8,128 ,6000,6.7,50MP + 2MP,16MP,4.4,Very Good,879,74,953,15,27999,25K-30K
509,realme GT 6,realme,12,256 ,5500,6.78,50MP + 8MP + 50MP,32MP,4.5,Very Good,2523,249,2772,40,27999,25K-30K
510,Nothing Phone,Nothing,12,256 ,5000,6.7,50MP (OIS) + 50MP,32MP,4.4,Very Good,15441,1201,16642,6,27999,25K-30K
511,Nothing Phone,Nothing,8,256 ,5000,6.7,50MP + 50MP,50MP,4.4,Very Good,13487,967,14454,6,27999,25K-30K
512,OPPO F29 Pro 5G,OPPO,8,128 ,6000,6.7,50MP + 2MP,16MP,4.4,Very Good,879,74,953,15,27999,25K-30K
513,Motorola Edge 50 Pro 5G,Motorola,8,256 ,4500,6.7,50MP + 13MP + 10MP,50MP,4.4,Very Good,34019,2989,37008,24,27999,25K-30K
514,realme GT 6,realme,8,256 ,5500,6.78,50MP + 8MP + 50MP,32MP,4.5,Very Good,3256,355,3611,36,27999,25K-30K
515,Nothing Phone,Nothing,8,256 ,5000,6.7,50MP + 50MP,50MP,4.4,Very Good,13487,967,14454,6,27999,25K-30K
516,Nothing Phone,Nothing,8,256 ,5000,6.7,50MP + 50MP,50MP,4.4,Very Good,13487,967,14454,6,27999,25K-30K
517,Motorola Edge 50 Pro 5G,Motorola,8,256 ,4500,6.7,50MP + 13MP + 10MP,50MP,4.4,Very Good,34019,2989,37008,24,27999,25K-30K
518,vivo V50e 5G,vivo,8,128 ,5600,6.77,50MP + 8MP,50MP,4.4,Very Good,1091,75,1166,14,28999,25K-30K
519,POCO X6 Pro 5G,POCO,12,512 ,5000,6.67,64MP + 8MP + 2MP,16MP,4.3,Very Good,16550,1849,18399,12,28999,25K-30K
520,realme GT 6,realme,12,256 ,5500,6.78,50MP + 8MP + 50MP,32MP,4.5,Very Good,2523,249,2772,38,28999,25K-30K
521,vivo V50e 5G,vivo,8,128 ,5600,6.77,50MP + 8MP,50MP,4.4,Very Good,1091,75,1166,14,28999,25K-30K
522,realme 13 Pro+ 5G,realme,12,512 ,5200,6.7,50MP + 8MP + 50MP,32MP,4.4,Very Good,9280,904,10184,29,28999,25K-30K
523,POCO X6 Pro 5G,POCO,12,512 ,5000,6.67,64MP + 8MP + 2MP,16MP,4.3,Very Good,16550,1849,18399,12,28999,25K-30K
524,REDMI Note 13 Pro 5G,REDMI,8,256 ,5100,6.67,200MP (OIS) + 8MP + 2MP,16MP,4.3,Very Good,37899,2976,40875,6,28999,25K-30K
525,REDMI Note-14 Pro+ 5G,REDMI,8,256 ,6200,6.67,50MP + 50MP + 8MP,20MP,3.9,Good,72,4,76,18,29990,25K-30K
526,MOTOROLA Edge 60 Pro,MOTOROLA,8,256 ,6000,6.7,50MP + 50MP + 10MP,50MP,4.4,Very Good,7872,811,8683,18,29999,25K-30K
527,Nothing Phone,Nothing,12,256 ,5000,6.7,50MP + 50MP,50MP,4.4,Very Good,5746,416,6162,6,29999,25K-30K
528,Nothing Phone,Nothing,12,256 ,5000,6.7,50MP + 50MP,50MP,4.4,Very Good,5746,416,6162,6,29999,25K-30K
529,vivo T3 Ultra,vivo,8,256 ,5500,6.78,50MP + 8MP,50MP,4.5,Very Good,20751,1737,22488,21,29999,25K-30K
530,realme 14 Pro+ 5G,realme,8,128 ,6000,6.83,50MP + 50MP + 8MP,32MP,4.4,Very Good,9511,1345,10856,11,29999,25K-30K
531,Nothing Phone,Nothing,8,128 ,5000,17.19,50MP (Main) + 50MP (3X Periscope)+ 8MP (Ultra-Wide),50MP,4.5,Very Good,4709,484,5193,9,29999,25K-30K
532,realme 14 Pro+ 5G,realme,8,128 ,6000,6.83,50MP + 50MP + 8MP,32MP,4.4,Very Good,9511,1345,10856,11,29999,25K-30K
533,Nothing Phone,Nothing,8,128 ,5000,17.19,50MP (Main) + 50MP (3X Periscope)+ 8MP (Ultra-Wide),50MP,4.5,Very Good,4709,484,5193,9,29999,25K-30K
534,OPPO F29 Pro 5G,OPPO,8,256 ,6000,6.7,50MP + 2MP,16MP,4.4,Very Good,879,74,953,14,29999,25K-30K
535,OPPO F29 Pro 5G,OPPO,8,256 ,6000,6.7,50MP + 2MP,16MP,4.4,Very Good,879,74,953,14,29999,25K-30K
536,MOTOROLA Edge 60 Pro,MOTOROLA,8,256 ,6000,6.7,50MP + 50MP + 10MP,50MP,4.4,Very Good,7872,811,8683,18,29999,25K-30K
537,OPPO Reno11 5G,OPPO,8,256 ,5000,6.7,50MP + 8MP + 32MP,32MP,4.3,Very Good,11453,1060,12513,26,29999,25K-30K
538,Nothing Phone,Nothing,12,256 ,5000,6.7,50MP + 50MP,50MP,4.4,Very Good,5746,416,6162,6,29999,25K-30K
539,OPPO Reno11 5G,OPPO,8,256 ,5000,6.7,50MP + 8MP + 32MP,32MP,4.3,Very Good,11453,1060,12513,26,29999,25K-30K
540,vivo V40e 5G,vivo,8,256 ,5500,6.77,50MP + 8MP,50MP,4.4,Very Good,9247,630,9877,15,30499,30K+
541,vivo V50e 5G,vivo,8,256 ,5600,6.77,50MP + 8MP,50MP,4.4,Very Good,1091,75,1166,13,30999,30K+
542,Samsung Galaxy A36 5G,Samsung,8,128 ,5000,6.7,50MP + 8MP,12MP,4.3,Very Good,708,59,767,13,30999,30K+
543,Google Pixel 7,Google,8,128 ,4270,6.3,50MP + 12MP,10.8MP,4.3,Very Good,19052,2101,21153,48,30999,30K+
544,Google Pixel 7,Google,8,128 ,4270,6.3,50MP + 12MP,10.8MP,4.3,Very Good,19052,2101,21153,48,30999,30K+
545,Samsung Galaxy A36 5G,Samsung,8,128 ,5000,6.7,50MP + 8MP,12MP,4.3,Very Good,708,59,767,13,30999,30K+
546,vivo V50e 5G,vivo,8,256 ,5600,6.77,50MP + 8MP,50MP,4.4,Very Good,1091,75,1166,13,30999,30K+
547,realme Gt 7T,realme,8,256 ,7000,6.8,50MP + 50MP + 8MP,32MP + 32MP Dual,4.3,Very Good,20,1,21,21,31490,30K+
548,POCO F6 5G,POCO,12,256 ,5000,6.67,50MP (OIS) + 8MP,20MP,4.3,Very Good,7492,739,8231,11,31999,30K+
549,OPPO F29 Pro 5G,OPPO,12,256 ,6000,6.7,50MP + 2MP,16MP,4.4,Very Good,350,23,373,13,31999,30K+
550,OPPO F29 Pro 5G,OPPO,12,256 ,6000,6.7,50MP + 2MP,16MP,4.4,Very Good,350,23,373,13,31999,30K+
551,realme 14 Pro+ 5G,realme,8,256 ,6000,6.83,50MP + 50MP + 8MP,32MP,4.4,Very Good,9511,1345,10856,11,31999,30K+
552,Nothing Phone,Nothing,8,256 ,5000,17.19,50MP (Main) + 50MP (3X Periscope)+ 8MP (Ultra-Wide),50MP,4.5,Very Good,4709,484,5193,8,31999,30K+
553,Nothing Phone,Nothing,8,256 ,5000,17.19,50MP (Main) + 50MP (3X Periscope)+ 8MP (Ultra-Wide),50MP,4.5,Very Good,4709,484,5193,8,31999,30K+
554,realme 14 Pro+ 5G,realme,8,256 ,6000,6.83,50MP + 50MP + 8MP,32MP,4.4,Very Good,9511,1345,10856,11,31999,30K+
555,REDMI Note 14 Pro+ 5G,REDMI,12,512 ,6200,6.67,50MP + 50MP + 8MP,20MP,4.4,Very Good,1457,167,1624,17,32999,30K+
556,realme GT 6,realme,16,512 ,5500,6.78,50MP + 8MP + 50MP,32MP,4.5,Very Good,5141,582,5723,36,32999,30K+
557,realme GT 6,realme,16,512 ,5500,6.78,50MP + 8MP + 50MP,32MP,4.5,Very Good,5141,582,5723,36,32999,30K+
558,realme GT 6,realme,16,512 ,5500,6.78,50MP + 8MP + 50MP,32MP,4.5,Very Good,5141,582,5723,36,32999,30K+
559,IQOO Neo 10,IQOO,8,128 ,7000,6.78,50MP + 50MP + 8MP,32MP + 32MP Dual,4.7,Excellent,35,6,41,8,33599,30K+
560,realme Gt 7T,realme,12,256 ,7000,6.8,50MP + 50MP + 8MP,32MP + 32MP Dual,4.3,Very Good,21,0,21,21,33885,30K+
561,MOTOROLA Edge 60 Pro,MOTOROLA,12,256 ,6000,6.7,50MP + 50MP + 10MP,50MP,4.4,Very Good,3779,418,4197,17,33999,30K+
562,POCO F6 5G,POCO,12,512 ,5000,6.67,50MP (OIS) + 8MP,20MP,4.3,Very Good,7492,739,8231,10,33999,30K+
563,MOTOROLA Edge 60 Pro,MOTOROLA,12,256 ,6000,6.7,50MP + 50MP + 10MP,50MP,4.4,Very Good,3779,418,4197,17,33999,30K+
564,POCO F6 5G,POCO,12,256 ,5000,6.67,50MP (OIS) + 8MP,20MP,4.3,Very Good,7492,739,8231,10,33999,30K+
565,Nothing Phone,Nothing,12,256 ,5000,17.19,50MP (Main) + 50MP (3X Periscope)+ 8MP (Ultra-Wide),50MP,4.5,Very Good,2205,176,2381,8,33999,30K+
566,Samsung Galaxy A36 5G,Samsung,8,256 ,5000,6.7,50MP + 8MP,12MP,4.3,Very Good,708,59,767,12,33999,30K+
567,Samsung Galaxy A36 5G,Samsung,8,256 ,5000,6.7,50MP + 8MP,12MP,4.3,Very Good,708,59,767,12,33999,30K+
568,Samsung Galaxy A36 5G,Samsung,8,256 ,5000,6.7,50MP + 8MP,12MP,4.3,Very Good,708,59,767,12,33999,30K+
569,Samsung Galaxy A36 5G,Samsung,8,256 ,5000,6.7,50MP + 8MP,12MP,4.3,Very Good,708,59,767,12,33999,30K+
570,Nothing Phone,Nothing,12,256 ,5000,17.19,50MP (Main) + 50MP (3X Periscope)+ 8MP (Ultra-Wide),50MP,4.5,Very Good,2205,176,2381,8,33999,30K+
571,IQOO Neo 10,IQOO,8,128 ,7000,6.78,50MP + 50MP + 8MP,32MP + 32MP Dual,4.7,Excellent,35,6,41,5,34780,30K+
572,IQOO Neo 10,IQOO,8,256 ,7000,6.78,50MP + 50MP + 8MP,32MP + 32MP Dual,4.7,Excellent,35,6,41,10,34782,30K+
573,IQOO Neo 10,IQOO,8,256 ,7000,6.78,50MP + 50MP + 8MP,32MP + 32MP Dual,4.7,Excellent,35,6,41,10,34783,30K+
574,IQOO Neo 10,IQOO,8,256 ,7000,6.78,50MP + 50MP + 8MP,32MP + 32MP Dual,4.7,Excellent,35,6,41,10,34895,30K+
575,realme Gt 7T,realme,12,256 ,7000,6.8,50MP + 50MP + 8MP,32MP + 32MP Dual,4.3,Very Good,21,0,21,18,34999,30K+
576,Samsung Galaxy S23 FE,Samsung,8,128 ,4500,6.4,50MP + 12MP,10MP,4.4,Very Good,72301,4407,76708,56,34999,30K+
577,Samsung Galaxy S23 FE,Samsung,8,128 ,4500,6.4,50MP + 12MP,10MP,4.4,Very Good,72301,4407,76708,56,34999,30K+
578,vivo V50 5G,vivo,8,128 ,6000,6.77,50MP + 50MP,50MP,4.5,Very Good,5472,497,5969,12,34999,30K+
579,realme 14 Pro+ 5G,realme,12,256 ,6000,6.83,50MP + 50MP + 8MP,32MP,4.4,Very Good,5535,685,6220,7,34999,30K+
580,vivo V50 5G,vivo,8,128 ,6000,6.77,50MP + 50MP,50MP,4.5,Very Good,5472,497,5969,12,34999,30K+
581,Xiaomi 14 CIVI,Xiaomi,8,256 ,4700,6.55,50MP Rear Camera,32MP + 32MP Dual,4.3,Very Good,1429,182,1611,32,36999,30K+
582,Samsung Galaxy A36 5G,Samsung,12,256 ,5000,6.7,50MP + 8MP,12MP,4.2,Very Good,88,9,97,11,36999,30K+
583,vivo V50 5G,vivo,8,256 ,6000,6.77,50MP + 50MP,50MP,4.5,Very Good,5472,497,5969,13,36999,30K+
584,Samsung Galaxy A36 5G,Samsung,12,256 ,5000,6.7,50MP + 8MP,12MP,4.2,Very Good,88,9,97,11,36999,30K+
585,OPPO Reno 12 Pro 5G,OPPO,12,256 ,5000,6.7,50MP + 8MP + 50MP,50MP,4.4,Very Good,5220,422,5642,31,36999,30K+
586,vivo V40 5G,vivo,8,256 ,5500,6.78,50MP + 50MP,50MP,4.5,Very Good,8655,898,9553,13,36999,30K+
587,vivo V50 5G,vivo,8,256 ,6000,6.77,50MP + 50MP,50MP,4.5,Very Good,5472,497,5969,13,36999,30K+
588,vivo V50 5G,vivo,8,256 ,6000,6.77,50MP + 50MP,50MP,4.5,Very Good,5472,497,5969,13,36999,30K+
589,Samsung Galaxy S23 FE,Samsung,8,128 ,4500,6.4,50MP + 12MP,10MP,4.4,Very Good,72301,4407,76708,52,37850,30K+
590,IQOO Neo 10,IQOO,12,256 ,7000,6.78,50MP + 50MP + 8MP,32MP + 32MP Dual,4.8,Excellent,15,1,16,7,37990,30K+
591,Google Pixel 8a,Google,8,128 ,4404,6.1,64MP + 13MP,13MP,4.3,Very Good,6334,543,6877,28,37999,30K+
592,vivo T4 Ultra 5G,vivo,8,256 ,5500,6.67,50MP + 8MP + 50MP Periscope,32MP,4.5,Very Good,656,87,743,7,37999,30K+
593,vivo T4 Ultra 5G,vivo,8,256 ,5500,6.67,50MP + 8MP + 50MP Periscope,32MP,4.5,Very Good,656,87,743,7,37999,30K+
594,Google Pixel 8a,Google,8,128 ,4404,6.1,64MP + 13MP,13MP,4.3,Very Good,6334,543,6877,28,37999,30K+
595,MOTOROLA Edge 60 Pro,MOTOROLA,16,512 ,6000,6.7,50MP + 50MP + 10MP,50MP,4.2,Very Good,6,0,6,11,37999,30K+
596,vivo T4 Ultra 5G,vivo,8,256 ,5500,6.67,50MP + 8MP + 50MP Periscope,32MP,4.5,Very Good,656,87,743,7,37999,30K+
597,vivo T4 Ultra 5G,vivo,8,256 ,5500,6.67,50MP + 8MP + 50MP Periscope,32MP,4.5,Very Good,656,87,743,7,37999,30K+
598,Google Pixel 8a,Google,8,128 ,4404,6.1,64MP + 13MP,13MP,4.3,Very Good,6334,543,6877,28,37999,30K+
599,IQOO Neo 10,IQOO,12,256 ,7000,6.78,50MP + 50MP + 8MP,32MP + 32MP Dual,4.8,Excellent,15,1,16,4,38989,30K+
600,Xiaomi 14 CIVI,Xiaomi,12,512 ,4700,6.55,50MP Rear Camera,32MP + 32MP Dual,4.4,Very Good,696,65,761,35,38999,30K+
601,realme Gt 7T,realme,12,512 ,7000,6.8,50MP + 50MP + 8MP,32MP + 32MP Dual,4.3,Very Good,21,0,21,17,38999,30K+
602,vivo T4 Ultra 5G,vivo,12,256 ,5500,6.67,50MP + 8MP + 50MP Periscope,32MP,4.6,Excellent,431,52,483,6,39999,30K+
603,Samsung Galaxy S24 FE 5G,Samsung,8,128 ,4700,6.7,50MP + 12MP,10MP,4.5,Very Good,9888,842,10730,33,39999,30K+
604,Samsung Galaxy S24 FE 5G,Samsung,8,128 ,4700,6.7,50MP + 12MP,10MP,4.5,Very Good,9888,842,10730,33,39999,30K+
605,Samsung Galaxy S24 FE 5G,Samsung,8,128 ,4700,6.7,50MP + 12MP,10MP,4.5,Very Good,9888,842,10730,33,39999,30K+
606,Xiaomi 14 CIVI,Xiaomi,12,512 ,4700,6.55,50MP Rear Camera,32MP + 32MP Dual,4.4,Very Good,696,65,761,33,39999,30K+
607,vivo T4 Ultra 5G,vivo,12,256 ,5500,6.67,50MP + 8MP + 50MP Periscope,32MP,4.6,Excellent,431,52,483,6,39999,30K+
608,vivo T4 Ultra 5G,vivo,12,256 ,5500,6.67,50MP + 8MP + 50MP Periscope,32MP,4.6,Excellent,431,52,483,6,39999,30K+
609,vivo T4 Ultra 5G,vivo,12,256 ,5500,6.67,50MP + 8MP + 50MP Periscope,32MP,4.6,Excellent,431,52,483,6,39999,30K+
610,vivo V50 5G,vivo,12,512 ,6000,6.77,50MP + 50MP,50MP,4.5,Very Good,1538,151,1689,16,40999,30K+
611,vivo V50 5G,vivo,12,512 ,6000,6.77,50MP + 50MP,50MP,4.5,Very Good,1538,151,1689,16,40999,30K+
612,vivo V50 5G,vivo,12,512 ,6000,6.77,50MP + 50MP,50MP,4.5,Very Good,1538,151,1689,16,40999,30K+
613,vivo T4 Ultra 5G,vivo,12,512 ,5500,6.67,50MP + 8MP + 50MP Periscope,32MP,4.6,Excellent,431,52,483,6,41999,30K+
614,vivo T4 Ultra 5G,vivo,12,512 ,5500,6.67,50MP + 8MP + 50MP Periscope,32MP,4.6,Excellent,431,52,483,6,41999,30K+
615,vivo T4 Ultra 5G,vivo,12,512 ,5500,6.67,50MP + 8MP + 50MP Periscope,32MP,4.6,Excellent,431,52,483,6,41999,30K+
616,vivo T4 Ultra 5G,vivo,12,512 ,5500,6.67,50MP + 8MP + 50MP Periscope,32MP,4.6,Excellent,431,52,483,6,41999,30K+
617,Google Pixel 8a,Google,8,256 ,4404,6.1,64MP + 13MP,13MP,4.3,Very Good,6334,543,6877,25,44999,30K+
618,Samsung Galaxy S24 FE 5G,Samsung,8,256 ,4700,6.7,50MP + 12MP,10MP,4.5,Very Good,9888,842,10730,30,45999,30K+
619,Samsung Galaxy S24 FE 5G,Samsung,8,256 ,4700,6.7,50MP + 12MP,10MP,4.5,Very Good,9888,842,10730,30,45999,30K+
620,Samsung Galaxy S24 FE 5G,Samsung,8,256 ,4700,6.7,50MP + 12MP,10MP,4.5,Very Good,9888,842,10730,30,45999,30K+
621,Samsung Galaxy S24 5G,Samsung,8,128 ,4000,6.2,50MP + 10MP + 12MP,12MP,4.6,Excellent,5410,342,5752,37,46999,30K+
622,Samsung Galaxy S24 5G,Samsung,8,128 ,4000,6.2,50MP + 10MP + 12MP,12MP,4.6,Excellent,5410,342,5752,37,46999,30K+
623,Samsung Galaxy S24 5G,Samsung,8,128 ,4000,6.2,50MP + 10MP + 12MP,12MP,4.6,Excellent,5410,342,5752,37,46999,30K+
624,Samsung Galaxy S24 5G,Samsung,8,128 ,4000,6.2,50MP + 10MP + 12MP,12MP,4.6,Excellent,5410,342,5752,37,46999,30K+
625,Samsung Galaxy S24 5G,Samsung,8,128 ,4000,6.2,50MP + 10MP + 12MP,12MP,4.6,Excellent,5410,342,5752,37,46999,30K+
626,MOTOROLA Razr 60,MOTOROLA,8,256 ,4500,6.9,50MP + 13MP,32MP,4.6,Excellent,205,33,238,9,49999,30K+
627,vivo V40 Pro 5G,vivo,8,256 ,5500,6.78,50MP + 50MP + 50MP,50MP,4.5,Very Good,1181,144,1325,9,49999,30K+
628,MOTOROLA Razr 60,MOTOROLA,8,256 ,4500,6.9,50MP + 13MP,32MP,4.6,Excellent,205,33,238,9,49999,30K+
629,MOTOROLA Razr 60,MOTOROLA,8,256 ,4500,6.9,50MP + 13MP,32MP,4.6,Excellent,205,33,238,9,49999,30K+
630,MOTOROLA Razr 60,MOTOROLA,8,256 ,4500,6.9,50MP + 13MP,32MP,4.6,Excellent,205,33,238,9,49999,30K+
631,Samsung Galaxy S24 5G,Samsung,8,256 ,4000,6.2,50MP + 10MP + 12MP,12MP,4.6,Excellent,5410,342,5752,33,52999,30K+
632,Samsung Galaxy S24 5G,Samsung,8,256 ,4000,6.2,50MP + 10MP + 12MP,12MP,4.6,Excellent,5410,342,5752,33,52999,30K+
633,Samsung Galaxy S24 5G,Samsung,8,256 ,4000,6.2,50MP + 10MP + 12MP,12MP,4.6,Excellent,5410,342,5752,33,52999,30K+
634,vivo V40 Pro 5G,vivo,12,512 ,5500,6.78,50MP + 50MP + 50MP,50MP,4.5,Very Good,889,101,990,8,55999,30K+
635,Google Pixel 8 Pro,Google,12,128 ,5050,6.7,50MP + 48MP + 48MP,10.5MP,4.4,Very Good,1116,125,1241,43,59999,30K+
636,Google Pixel 8 Pro,Google,12,128 ,5050,6.7,50MP + 48MP + 48MP,10.5MP,4.4,Very Good,1116,125,1241,43,59999,30K+
637,Google Pixel 8 Pro,Google,12,128 ,5050,6.7,50MP + 48MP + 48MP,10.5MP,4.4,Very Good,1116,125,1241,43,59999,30K+
638,Google Pixel 8 Pro,Google,12,128 ,5050,6.7,50MP + 48MP + 48MP,10.5MP,4.4,Very Good,1116,125,1241,43,59999,30K+
639,Google Pixel 8 Pro,Google,12,256 ,5050,6.7,50MP + 48MP + 48MP,10.5MP,4.4,Very Good,1116,125,1241,42,64999,30K+
640,Google Pixel 8 Pro,Google,12,256 ,5050,6.7,50MP + 48MP + 48MP,10.5MP,4.4,Very Good,1116,125,1241,42,64999,30K+
641,vivo X200 5G,vivo,12,256 ,5800,6.67,50MP + 50MP + 50MP,32MP,4.6,Excellent,1034,182,1216,12,65999,30K+
642,vivo X200 5G,vivo,16,512 ,5800,6.67,50MP + 50MP + 50MP,32MP,4.7,Excellent,196,27,223,11,71999,30K+
643,vivo X200 5G,vivo,16,512 ,5800,6.67,50MP + 50MP + 50MP,32MP,4.7,Excellent,196,27,223,11,71999,30K+
644,Google Pixel 9,Google,12,256 ,4700,6.3,50MP + 48MP,10.5MP,4.6,Excellent,2968,299,3267,6,74999,30K+
645,Google Pixel 9,Google,12,256 ,4700,6.3,50MP + 48MP,10.5MP,4.6,Excellent,2968,299,3267,6,74999,30K+
646,Samsung Galaxy S24 Ultra 5G,Samsung,12,256 ,5000,6.8,200MP + 50MP + 12MP + 10MP,12MP,4.6,Excellent,3142,314,3456,38,82699,30K+
647,Samsung Galaxy S24 Ultra 5G,Samsung,12,256 ,5000,6.8,200MP + 50MP + 12MP + 10MP,12MP,4.6,Excellent,3142,314,3456,38,82979,30K+
648,Samsung Galaxy S24 Ultra 5G,Samsung,12,256 ,5000,6.8,200MP + 50MP + 12MP + 10MP,12MP,4.6,Excellent,3142,314,3456,38,82988,30K+
649,Google Pixel 9 Pro,Google,16,256 ,4700,6.3,50MP + 48MP + 48MP,42MP,4.6,Excellent,479,61,540,18,89999,30K+
650,vivo X200 Pro 5G,vivo,16,512 ,6000,6.78,50MP + 50MP + 200MP,32MP,4.7,Excellent,865,200,1065,6,94999,30K+
651,vivo X200 Pro 5G,vivo,16,512 ,6000,6.78,50MP + 50MP + 200MP,32MP,4.7,Excellent,865,200,1065,6,94999,30K+
